App 1827442 output: MySQL Connected: localhost/rnbmanag_demokopiniskala
App 1827442 output: POS Server is listening on port 8000
App 1897496 output: MySQL Connected: localhost/rnbmanag_demokopiniskala
App 1897496 output: POS Server is listening on port 8000
App 1948618 output: MySQL Connected: localhost/rnbmanag_demokopiniskala
App 1948618 output: POS Server is listening on port 8000
App 1981592 output: MySQL Connected: localhost/rnbmanag_demokopiniskala
App 1981592 output: POS Server is listening on port 8000
App 2105989 output: MySQL Connected: localhost/rnbmanag_demokopiniskala
App 2105989 output: POS Server is listening on port 8000
App 2601018 output: MySQL Connected: localhost/rnbmanag_demokopiniskala
App 2601018 output: POS Server is listening on port 8000
App 2952510 output: MySQL Connected: localhost/rnbmanag_demokopiniskala
App 2952510 output: POS Server is listening on port 8000
App 3193492 output: MySQL Connected: localhost/rnbmanag_demokopiniskala
App 3193492 output: POS Server is listening on port 8000
App 3195136 output: MySQL Connected: localhost/rnbmanag_demokopiniskala
App 3195136 output: POS Server is listening on port 8000
App 3416624 output: MySQL Connected: localhost/rnbmanag_demokopiniskala
App 3416624 output: POS Server is listening on port 8000
App 766615 output: MySQL Connected: localhost/rnbmanag_demokopiniskala
App 766615 output: POS Server is listening on port 8000
App 1551316 output: MySQL Connected: localhost/rnbmanag_demokopiniskala
App 1551316 output: POS Server is listening on port 8000
App 1855803 output: MySQL Connected: localhost/rnbmanag_demokopiniskala
App 1855803 output: POS Server is listening on port 8000
App 3962989 output: MySQL Connected: localhost/rnbmanag_demokopiniskala
App 3962989 output: POS Server is listening on port 8000
App 3763525 output: MySQL Connected: localhost/rnbmanag_demokopiniskala
App 3763525 output: POS Server is listening on port 8000
App 59120 output: MySQL Connected: localhost/rnbmanag_demokopiniskala
App 59120 output: POS Server is listening on port 8000
App 865124 output: MySQL Connected: localhost/rnbmanag_demokopiniskala
App 865124 output: POS Server is listening on port 8000
App 996120 output: MySQL Connected: localhost/rnbmanag_demokopiniskala
App 996120 output: POS Server is listening on port 8000
App 2983571 output: MySQL Connected: localhost/rnbmanag_demokopiniskala
App 2983571 output: POS Server is listening on port 8000
App 3494894 output: MySQL Connected: localhost/rnbmanag_demokopiniskala
App 3494894 output: POS Server is listening on port 8000
App 1479201 output: MySQL Connected: localhost/rnbmanag_demokopiniskala
App 1479201 output: POS Server is listening on port 8000
App 2597165 output: MySQL Connected: localhost/rnbmanag_demokopiniskala
App 2597165 output: POS Server is listening on port 8000
App 3210635 output: MySQL Connected: localhost/rnbmanag_demokopiniskala
App 3210635 output: POS Server is listening on port 8000
App 1779421 output: MySQL Connected: localhost/rnbmanag_demokopiniskala
App 1779421 output: POS Server is listening on port 8000
App 613704 output: MySQL Connected: localhost/rnbmanag_demokopiniskala
App 613704 output: POS Server is listening on port 8000
App 3780900 output: MySQL Connected: localhost/rnbmanag_demokopiniskala
App 3780900 output: POS Server is listening on port 8000
App 248575 output: MySQL Connected: localhost/rnbmanag_demokopiniskala
App 248575 output: POS Server is listening on port 8000
App 2843114 output: MySQL Connected: localhost/rnbmanag_demokopiniskala
App 2843114 output: POS Server is listening on port 8000
App 142803 output: MySQL Connected: localhost/rnbmanag_demokopiniskala
App 142803 output: POS Server is listening on port 8000
App 1898093 output: MySQL Connected: localhost/rnbmanag_demokopiniskala
App 1898093 output: POS Server is listening on port 8000
App 1955331 output: MySQL Connected: localhost/rnbmanag_demokopiniskala
App 1955331 output: POS Server is listening on port 8000
App 2181851 output: MySQL Connected: localhost/rnbmanag_demokopiniskala
App 2181851 output: POS Server is listening on port 8000
App 2713946 output: MySQL Connected: localhost/rnbmanag_demokopiniskala
App 2713946 output: POS Server is listening on port 8000
App 2761336 output: MySQL Connected: localhost/rnbmanag_demokopiniskala
App 2761336 output: POS Server is listening on port 8000
App 3498714 output: MySQL Connected: localhost/rnbmanag_demokopiniskala
App 3498714 output: POS Server is listening on port 8000
App 3797367 output: MySQL Connected: localhost/rnbmanag_demokopiniskala
App 3797367 output: POS Server is listening on port 8000
App 594130 output: MySQL Connected: localhost/rnbmanag_demokopiniskala
App 594130 output: POS Server is listening on port 8000
App 649293 output: MySQL Connected: localhost/rnbmanag_demokopiniskala
App 649293 output: POS Server is listening on port 8000
App 844302 output: MySQL Connected: localhost/rnbmanag_demokopiniskala
App 844302 output: POS Server is listening on port 8000
App 889364 output: MySQL Connected: localhost/rnbmanag_demokopiniskala
App 889364 output: POS Server is listening on port 8000
App 1001261 output: MySQL Connected: localhost/rnbmanag_demokopiniskala
App 1001261 output: POS Server is listening on port 8000
App 1335478 output: MySQL Connected: localhost/rnbmanag_demokopiniskala
App 1335478 output: POS Server is listening on port 8000
App 1344572 output: MySQL Connected: localhost/rnbmanag_demokopiniskala
App 1344572 output: POS Server is listening on port 8000
App 2807442 output: MySQL Connected: localhost/rnbmanag_demokopiniskala
App 2807442 output: POS Server is listening on port 8000
App 3223257 output: MySQL Connected: localhost/rnbmanag_demokopiniskala
App 3223257 output: POS Server is listening on port 8000
App 3259342 output: MySQL Connected: localhost/rnbmanag_demokopiniskala
App 3259342 output: POS Server is listening on port 8000
App 3468135 output: MySQL Connected: localhost/rnbmanag_demokopiniskala
App 3468135 output: POS Server is listening on port 8000
App 3470925 output: MySQL Connected: localhost/rnbmanag_demokopiniskala
App 3470925 output: POS Server is listening on port 8000
App 3603052 output: MySQL Connected: localhost/rnbmanag_demokopiniskala
App 3603052 output: POS Server is listening on port 8000
App 3611575 output: MySQL Connected: localhost/rnbmanag_demokopiniskala
App 3611575 output: POS Server is listening on port 8000
App 3627757 output: MySQL Connected: localhost/rnbmanag_demokopiniskala
App 3627757 output: POS Server is listening on port 8000
App 3637316 output: MySQL Connected: localhost/rnbmanag_demokopiniskala
App 3637316 output: POS Server is listening on port 8000
App 3649729 output: MySQL Connected: localhost/rnbmanag_demokopiniskala
App 3649729 output: POS Server is listening on port 8000
App 3780462 output: MySQL Connected: localhost/rnbmanag_demokopiniskala
App 3780462 output: POS Server is listening on port 8000
App 4111750 output: MySQL Connected: localhost/rnbmanag_demokopiniskala
App 4111750 output: POS Server is listening on port 8000
App 4156054 output: MySQL Connected: localhost/rnbmanag_demokopiniskala
App 4156054 output: POS Server is listening on port 8000
App 97408 output: MySQL Connected: localhost/rnbmanag_demokopiniskala
App 97408 output: POS Server is listening on port 8000
App 428876 output: MySQL Connected: localhost/rnbmanag_demokopiniskala
App 428876 output: POS Server is listening on port 8000
App 448630 output: MySQL Connected: localhost/rnbmanag_demokopiniskala
App 448630 output: POS Server is listening on port 8000
App 704205 output: MySQL Connected: localhost/rnbmanag_demokopiniskala
App 704205 output: POS Server is listening on port 8000
App 880982 output: MySQL Connected: localhost/rnbmanag_demokopiniskala
App 880982 output: POS Server is listening on port 8000
App 884710 output: MySQL Connected: localhost/rnbmanag_demokopiniskala
App 884710 output: POS Server is listening on port 8000
App 1206149 output: MySQL Connected: localhost/rnbmanag_demokopiniskala
App 1206149 output: POS Server is listening on port 8000
App 1386230 output: MySQL Connected: localhost/rnbmanag_demokopiniskala
App 1386230 output: POS Server is listening on port 8000
App 1395982 output: MySQL Connected: localhost/rnbmanag_demokopiniskala
App 1395982 output: POS Server is listening on port 8000
App 1429157 output: MySQL Connected: localhost/rnbmanag_demokopiniskala
App 1429157 output: POS Server is listening on port 8000
App 1575364 output: MySQL Connected: localhost/rnbmanag_demokopiniskala
App 1575364 output: POS Server is listening on port 8000
App 1620923 output: MySQL Connected: localhost/rnbmanag_demokopiniskala
App 1620923 output: POS Server is listening on port 8000
App 1754989 output: MySQL Connected: localhost/rnbmanag_demokopiniskala
App 1754989 output: POS Server is listening on port 8000
App 1876042 output: MySQL Connected: localhost/rnbmanag_demokopiniskala
App 1876042 output: POS Server is listening on port 8000
App 2009097 output: MySQL Connected: localhost/rnbmanag_demokopiniskala
App 2009097 output: POS Server is listening on port 8000
App 2410128 output: MySQL Connected: localhost/rnbmanag_demokopiniskala
App 2410128 output: POS Server is listening on port 8000
App 2440089 output: MySQL Connected: localhost/rnbmanag_demokopiniskala
App 2440089 output: POS Server is listening on port 8000
App 2696162 output: MySQL Connected: localhost/rnbmanag_demokopiniskala
App 2696162 output: POS Server is listening on port 8000
App 2813483 output: MySQL Connected: localhost/rnbmanag_demokopiniskala
App 2813483 output: POS Server is listening on port 8000
App 3003200 output: MySQL Connected: localhost/rnbmanag_demokopiniskala
App 3003200 output: POS Server is listening on port 8000
App 3187874 output: MySQL Connected: localhost/rnbmanag_demokopiniskala
App 3187874 output: POS Server is listening on port 8000
App 3216407 output: MySQL Connected: localhost/rnbmanag_demokopiniskala
App 3216407 output: POS Server is listening on port 8000
App 3426788 output: MySQL Connected: localhost/rnbmanag_demokopiniskala
App 3426788 output: POS Server is listening on port 8000
App 4046877 output: MySQL Connected: localhost/rnbmanag_demokopiniskala
App 4046877 output: POS Server is listening on port 8000
App 262834 output: MySQL Connected: localhost/rnbmanag_demokopiniskala
App 262834 output: POS Server is listening on port 8000
App 299752 output: MySQL Connected: localhost/rnbmanag_demokopiniskala
App 299752 output: POS Server is listening on port 8000
App 422013 output: MySQL Connected: localhost/rnbmanag_demokopiniskala
App 422013 output: POS Server is listening on port 8000
App 463946 output: MySQL Connected: localhost/rnbmanag_demokopiniskala
App 463946 output: POS Server is listening on port 8000
App 585003 output: MySQL Connected: localhost/rnbmanag_demokopiniskala
App 585003 output: POS Server is listening on port 8000
App 744210 output: MySQL Connected: localhost/rnbmanag_demokopiniskala
App 744210 output: POS Server is listening on port 8000
App 2891571 output: MySQL Connected: localhost/rnbmanag_demokopiniskala
App 2891571 output: POS Server is listening on port 8000
App 3111832 output: MySQL Connected: localhost/rnbmanag_demokopiniskala
App 3111832 output: POS Server is listening on port 8000
App 3302535 output: MySQL Connected: localhost/rnbmanag_demokopiniskala
App 3302535 output: POS Server is listening on port 8000
App 3342509 output: MySQL Connected: localhost/rnbmanag_demokopiniskala
App 3342509 output: POS Server is listening on port 8000
App 3510975 output: MySQL Connected: localhost/rnbmanag_demokopiniskala
App 3510975 output: POS Server is listening on port 8000
App 3626645 output: MySQL Connected: localhost/rnbmanag_demokopiniskala
App 3626645 output: POS Server is listening on port 8000
App 972244 output: MySQL Connected: localhost/rnbmanag_demokopiniskala
App 972244 output: POS Server is listening on port 8000
App 1385197 output: MySQL Connected: localhost/rnbmanag_demokopiniskala
App 1385197 output: POS Server is listening on port 8000
App 1512079 output: MySQL Connected: localhost/rnbmanag_demokopiniskala
App 1512079 output: POS Server is listening on port 8000
App 2395515 output: MySQL Connected: localhost/rnbmanag_demokopiniskala
App 2395515 output: POS Server is listening on port 8000
App 2445311 output: MySQL Connected: localhost/rnbmanag_demokopiniskala
App 2445311 output: POS Server is listening on port 8000
App 2809869 output: MySQL Connected: localhost/rnbmanag_demokopiniskala
App 2809869 output: POS Server is listening on port 8000
App 3967724 output: MySQL Connected: localhost/rnbmanag_demokopiniskala
App 3967724 output: POS Server is listening on port 8000
App 609716 output: MySQL Connected: localhost/rnbmanag_demokopiniskala
App 609716 output: POS Server is listening on port 8000
App 674476 output: MySQL Connected: localhost/rnbmanag_demokopiniskala
App 674476 output: POS Server is listening on port 8000
App 861233 output: MySQL Connected: localhost/rnbmanag_demokopiniskala
App 861233 output: POS Server is listening on port 8000
App 900266 output: MySQL Connected: localhost/rnbmanag_demokopiniskala
App 900266 output: POS Server is listening on port 8000
App 1362880 output: MySQL Connected: localhost/rnbmanag_demokopiniskala
App 1362880 output: POS Server is listening on port 8000
App 1514860 output: MySQL Connected: localhost/rnbmanag_demokopiniskala
App 1514860 output: POS Server is listening on port 8000
App 1526408 output: MySQL Connected: localhost/rnbmanag_demokopiniskala
App 1526408 output: POS Server is listening on port 8000
App 1682015 output: MySQL Connected: localhost/rnbmanag_demokopiniskala
App 1682015 output: POS Server is listening on port 8000
App 1722527 output: MySQL Connected: localhost/rnbmanag_demokopiniskala
App 1722527 output: POS Server is listening on port 8000
App 1848652 output: MySQL Connected: localhost/rnbmanag_demokopiniskala
App 1848652 output: POS Server is listening on port 8000
App 2015343 output: MySQL Connected: localhost/rnbmanag_demokopiniskala
App 2015343 output: POS Server is listening on port 8000
App 2346104 output: MySQL Connected: localhost/rnbmanag_demokopiniskala
App 2346104 output: POS Server is listening on port 8000
App 2529326 output: MySQL Connected: localhost/rnbmanag_demokopiniskala
App 2529326 output: POS Server is listening on port 8000
App 2810197 output: MySQL Connected: localhost/rnbmanag_demokopiniskala
App 2810197 output: POS Server is listening on port 8000
App 2997793 output: MySQL Connected: localhost/rnbmanag_demokopiniskala
App 2997793 output: POS Server is listening on port 8000
App 3039907 output: MySQL Connected: localhost/rnbmanag_demokopiniskala
App 3039907 output: POS Server is listening on port 8000
App 3104649 output: MySQL Connected: localhost/rnbmanag_demokopiniskala
App 3104649 output: POS Server is listening on port 8000
App 3154813 output: MySQL Connected: localhost/rnbmanag_demokopiniskala
App 3154813 output: POS Server is listening on port 8000
App 3509035 output: MySQL Connected: localhost/rnbmanag_demokopiniskala
App 3509035 output: POS Server is listening on port 8000
App 3543808 output: MySQL Connected: localhost/rnbmanag_demokopiniskala
App 3543808 output: POS Server is listening on port 8000
App 4081385 output: MySQL Connected: localhost/rnbmanag_demokopiniskala
App 4081385 output: POS Server is listening on port 8000
App 4153977 output: MySQL Connected: localhost/rnbmanag_demokopiniskala
App 4153977 output: POS Server is listening on port 8000
App 75082 output: MySQL Connected: localhost/rnbmanag_demokopiniskala
App 75082 output: POS Server is listening on port 8000
App 169402 output: MySQL Connected: localhost/rnbmanag_demokopiniskala
App 169402 output: POS Server is listening on port 8000
App 340071 output: MySQL Connected: localhost/rnbmanag_demokopiniskala
App 340071 output: POS Server is listening on port 8000
App 462838 output: MySQL Connected: localhost/rnbmanag_demokopiniskala
App 462838 output: POS Server is listening on port 8000
App 633574 output: MySQL Connected: localhost/rnbmanag_demokopiniskala
App 633574 output: POS Server is listening on port 8000
App 809011 output: MySQL Connected: localhost/rnbmanag_demokopiniskala
App 809011 output: POS Server is listening on port 8000
App 1255097 output: MySQL Connected: localhost/rnbmanag_demokopiniskala
App 1255097 output: POS Server is listening on port 8000
App 1455971 output: MySQL Connected: localhost/rnbmanag_demokopiniskala
App 1455971 output: POS Server is listening on port 8000
App 3199063 output: MySQL Connected: localhost/rnbmanag_demokopiniskala
App 3199063 output: POS Server is listening on port 8000
App 2147480 output: MySQL Connected: localhost/rnbmanag_demokopiniskala
App 2147480 output: POS Server is listening on port 8000
App 2414428 output: MySQL Connected: localhost/rnbmanag_demokopiniskala
App 2414428 output: POS Server is listening on port 8000
App 2565869 output: MySQL Connected: localhost/rnbmanag_demokopiniskala
App 2565869 output: POS Server is listening on port 8000
App 3065504 output: MySQL Connected: localhost/rnbmanag_demokopiniskala
App 3065504 output: POS Server is listening on port 8000
App 3248774 output: MySQL Connected: localhost/rnbmanag_demokopiniskala
App 3248774 output: POS Server is listening on port 8000
App 3261699 output: MySQL Connected: localhost/rnbmanag_demokopiniskala
App 3261699 output: POS Server is listening on port 8000
App 3327580 output: MySQL Connected: localhost/rnbmanag_demokopiniskala
App 3327580 output: POS Server is listening on port 8000
App 3336186 output: MySQL Connected: localhost/rnbmanag_demokopiniskala
App 3336186 output: POS Server is listening on port 8000
App 3351084 output: MySQL Connected: localhost/rnbmanag_demokopiniskala
App 3351084 output: POS Server is listening on port 8000
App 3546662 output: MySQL Connected: localhost/rnbmanag_demokopiniskala
App 3546662 output: POS Server is listening on port 8000
App 601660 output: MySQL Connected: localhost/rnbmanag_demokopiniskala
App 601660 output: POS Server is listening on port 8000
App 788066 output: MySQL Connected: localhost/rnbmanag_demokopiniskala
App 788066 output: POS Server is listening on port 8000
App 795402 output: MySQL Connected: localhost/rnbmanag_demokopiniskala
App 795402 output: POS Server is listening on port 8000
App 941630 output: MySQL Connected: localhost/rnbmanag_demokopiniskala
App 941630 output: POS Server is listening on port 8000
App 1098122 output: MySQL Connected: localhost/rnbmanag_demokopiniskala
App 1098122 output: POS Server is listening on port 8000
App 1151017 output: MySQL Connected: localhost/rnbmanag_demokopiniskala
App 1151017 output: POS Server is listening on port 8000
App 1194393 output: MySQL Connected: localhost/rnbmanag_demokopiniskala
App 1194393 output: POS Server is listening on port 8000
App 1201595 output: MySQL Connected: localhost/rnbmanag_demokopiniskala
App 1201595 output: POS Server is listening on port 8000
App 1274236 output: MySQL Connected: localhost/rnbmanag_demokopiniskala
App 1274236 output: POS Server is listening on port 8000
App 1341540 output: MySQL Connected: localhost/rnbmanag_demokopiniskala
App 1341540 output: POS Server is listening on port 8000
App 1341540 output: Realtime client connected: 0of723J3u71I-UllAAD-
App 1341540 output: Realtime client disconnected: 0of723J3u71I-UllAAD-
App 1341540 output: Realtime client connected: b1fVmWebgGMBwbBKAAEB
App 1341540 output: Realtime client connected: tBnYoQddhScNjg4pAAEM
App 1341540 output: Realtime client connected: eSZT51a3UzuDyO1pAAEO
App 1341540 output: Realtime client disconnected: tBnYoQddhScNjg4pAAEM
App 1341540 output: Realtime client connected: 7yDZEHTL1aMCe4LIAAEd
App 1341540 output: Realtime client disconnected: b1fVmWebgGMBwbBKAAEB
App 1341540 output: Realtime client connected: b1NE8TuaCJZzwbd9AAEv
App 1341540 output: Realtime client connected: dq0miPXQUQELlp-9AAE2
App 1341540 output: Realtime client disconnected: b1NE8TuaCJZzwbd9AAEv
App 1341540 output: Realtime client connected: rM7BczR2VwKm8CVLAAFI
App 1341540 output: Realtime client disconnected: dq0miPXQUQELlp-9AAE2
App 1341540 output: Realtime client disconnected: rM7BczR2VwKm8CVLAAFI
App 1341540 output: Realtime client disconnected: eSZT51a3UzuDyO1pAAEO
App 1341540 output: Realtime client connected: E8UJUsm6_0432zeUAAF4
App 1341540 output: Realtime client connected: sK9cCYjMsEPlGtCuAAGJ
App 1341540 output: Realtime client disconnected: E8UJUsm6_0432zeUAAF4
App 1341540 output: Realtime client connected: cLcfRwiYte4TV53rAAGs
App 1341540 output: Realtime client disconnected: cLcfRwiYte4TV53rAAGs
App 1341540 output: Realtime client connected: fmCIYXEC7cETV7uBAAG0
App 1341540 output: Realtime client disconnected: 7yDZEHTL1aMCe4LIAAEd
App 1341540 output: Realtime client connected: AFJSeiBnI1DWUJxXAAG8
App 1341540 output: Realtime client connected: oxm4Y6OvKKgwiyfFAAG_
App 1341540 output: Realtime client disconnected: AFJSeiBnI1DWUJxXAAG8
App 1341540 output: Realtime client disconnected: sK9cCYjMsEPlGtCuAAGJ
App 1341540 output: Realtime client connected: mWH531MvqRDVj50HAAHn
App 1341540 output: Realtime client connected: iUJnzskIIzrzLRNUAAH2
App 1341540 output: Realtime client disconnected: fmCIYXEC7cETV7uBAAG0
App 1341540 output: Realtime client disconnected: oxm4Y6OvKKgwiyfFAAG_
App 1341540 output: Realtime client connected: z2o6NWWbGQpJfC2VAAJH
App 1341540 output: Realtime client disconnected: z2o6NWWbGQpJfC2VAAJH
App 1341540 output: Realtime client connected: hsvTPY2-M1tjqaMCAAJM
App 1341540 output: Realtime client disconnected: iUJnzskIIzrzLRNUAAH2
App 1341540 output: Realtime client connected: BO0Zo-rNSQa6aUNFAAJ1
App 1341540 output: Realtime client disconnected: hsvTPY2-M1tjqaMCAAJM
App 1341540 output: Realtime client connected: XnKRwdkkazNdrQE2AAKG
App 1341540 output: Realtime client connected: 0NvPFT0MXskVYx7EAAKJ
App 1341540 output: Realtime client disconnected: XnKRwdkkazNdrQE2AAKG
App 1341540 output: Realtime client disconnected: 0NvPFT0MXskVYx7EAAKJ
App 1341540 output: Realtime client connected: Pkkj6wdwAMwW2AWeAAKW
App 1341540 output: Realtime client disconnected: Pkkj6wdwAMwW2AWeAAKW
App 1341540 output: Realtime client connected: fE-5wmrAIZjnOwxXAAKn
App 1341540 output: Realtime client connected: p3TNkoUGVjA-qYseAAKw
App 1341540 output: Realtime client disconnected: fE-5wmrAIZjnOwxXAAKn
App 1341540 output: Realtime client disconnected: BO0Zo-rNSQa6aUNFAAJ1
App 1341540 output: Realtime client disconnected: mWH531MvqRDVj50HAAHn
App 1341540 output: Realtime client connected: mkm_HwqEao75rYYBAALq
App 1341540 output: Realtime client disconnected: p3TNkoUGVjA-qYseAAKw
App 1341540 output: Realtime client connected: UClkztyS38oDZ1muAAL0
App 1341540 output: Realtime client disconnected: UClkztyS38oDZ1muAAL0
App 1341540 output: Realtime client connected: xERGVyO9s3mlrinkAAMA
App 1341540 output: Realtime client disconnected: xERGVyO9s3mlrinkAAMA
App 1341540 output: Realtime client connected: TZoy43vPfJf689xAAAN3
App 1341540 output: Realtime client disconnected: TZoy43vPfJf689xAAAN3
App 1341540 output: Realtime client disconnected: mkm_HwqEao75rYYBAALq
App 1341540 output: Realtime client connected: -MR9NggUBIIqj7O_AAOU
App 1341540 output: Realtime client connected: UJHd8LSgGS5COY36AAOn
App 1341540 output: Realtime client connected: Uqsz4JMr60lc4ouEAAPx
App 1341540 output: Realtime client disconnected: Uqsz4JMr60lc4ouEAAPx
App 1341540 output: Realtime client connected: 7sqE3DxGRSSdMd6hAAP3
App 1341540 output: Realtime client connected: rTbErC6DhWiaClQHAAQK
App 1341540 output: Realtime client disconnected: -MR9NggUBIIqj7O_AAOU
App 1341540 output: Realtime client connected: 82CHJeM33MII543qAAQQ
App 1341540 output: Realtime client disconnected: UJHd8LSgGS5COY36AAOn
App 1341540 output: Realtime client connected: gEKuP19C5r8B22yjAAQU
App 1341540 output: Realtime client disconnected: 7sqE3DxGRSSdMd6hAAP3
App 1341540 output: Realtime client disconnected: 82CHJeM33MII543qAAQQ
App 1341540 output: Realtime client connected: Nqgw0DIBFKW00g9yAAQY
App 1341540 output: Realtime client disconnected: rTbErC6DhWiaClQHAAQK
App 1341540 output: Realtime client connected: isERFawrQMvR3ZiCAAQf
App 1341540 output: Realtime client connected: 8Mh-WDzjFOdvkjzuAAQj
App 1341540 output: Realtime client connected: 8SjxSg4LZoOy6s3vAAQl
App 1341540 output: Realtime client connected: lM2xNxN7G9o-s3eeAAQo
App 1341540 output: Realtime client connected: s_ZjWhA8IX4BCcHkAAQq
App 1341540 output: Realtime client connected: 4yTGdBn_D2eBFHzZAAQs
App 1341540 output: Realtime client connected: dPJjopOorhIZ-RJ2AAQu
App 1341540 output: Realtime client connected: MxxEZ_Fy0-TlWyB7AAQw
App 1341540 output: Realtime client connected: CFKaiXVUIczQ4sA3AAQ3
App 1341540 output: Realtime client connected: g7ZMQZkauWID9L2RAAQ5
App 1341540 output: Realtime client disconnected: Nqgw0DIBFKW00g9yAAQY
App 1341540 output: Realtime client connected: P9hNbMofWQ4GngFXAAQ-
App 1341540 output: Realtime client connected: HKaYcFeihu6FH-B9AARB
App 1341540 output: Realtime client connected: K0B5bfGGBNd5YBUwAARD
App 1341540 output: Realtime client disconnected: gEKuP19C5r8B22yjAAQU
App 1341540 output: Realtime client disconnected: isERFawrQMvR3ZiCAAQf
App 1341540 output: Realtime client disconnected: 8Mh-WDzjFOdvkjzuAAQj
App 1341540 output: Realtime client disconnected: 8SjxSg4LZoOy6s3vAAQl
App 1341540 output: Realtime client disconnected: lM2xNxN7G9o-s3eeAAQo
App 1341540 output: Realtime client disconnected: s_ZjWhA8IX4BCcHkAAQq
App 1341540 output: Realtime client disconnected: dPJjopOorhIZ-RJ2AAQu
App 1757060 output: MySQL Connected: localhost/rnbmanag_demokopiniskala
App 1757060 output: POS Server is listening on port 8000
App 1341540 output: Realtime client disconnected: MxxEZ_Fy0-TlWyB7AAQw
App 1341540 output: Realtime client disconnected: CFKaiXVUIczQ4sA3AAQ3
App 1757060 output: Realtime client connected: 7oOB-nhYtOA6Yqx4AAAH
App 1757060 output: Realtime client connected: 4oZTNnjG8pa898FEAAAJ
App 1757060 output: Realtime client connected: u330ByqXR3CRMEogAAAL
App 1757060 output: Realtime client connected: AZ0zn45i_i2SxZcJAAAO
App 1757060 output: Realtime client connected: 5juv8l8kDhFp9mVwAAAQ
App 1757060 output: Realtime client connected: jVJ39h0twlWJmVG3AAAS
App 1757060 output: Realtime client connected: 6iaiD1z4QP_KF87eAAAV
App 1757060 output: Realtime client connected: WQ0p3dfdO1FzY6KQAAAX
App 1757060 output: Realtime client connected: -K0Ve5AUPQNeKrIjAAAc
App 1757060 output: Realtime client disconnected: 7oOB-nhYtOA6Yqx4AAAH
App 1757060 output: Realtime client disconnected: 4oZTNnjG8pa898FEAAAJ
App 1757060 output: Realtime client disconnected: u330ByqXR3CRMEogAAAL
App 1757060 output: Realtime client disconnected: AZ0zn45i_i2SxZcJAAAO
App 1757060 output: Realtime client disconnected: 5juv8l8kDhFp9mVwAAAQ
App 1757060 output: Realtime client disconnected: jVJ39h0twlWJmVG3AAAS
App 1757060 output: Realtime client disconnected: 6iaiD1z4QP_KF87eAAAV
App 1784557 output: MySQL Connected: localhost/rnbmanag_demokopiniskala
App 1784557 output: POS Server is listening on port 8000
App 1784557 output: Realtime client connected: o8yyUtOxEySQtH_TAAAC
App 1784557 output: Realtime client connected: zvL7NKAWYKZRW53sAAAF
App 1784557 output: Realtime client connected: q9KVr6_fbHP0-MPZAAAH
App 1784557 output: Realtime client connected: HfBlouC43iP0gNBCAAAL
App 1784557 output: Realtime client disconnected: o8yyUtOxEySQtH_TAAAC
App 1784557 output: Realtime client disconnected: zvL7NKAWYKZRW53sAAAF
App 1784557 output: Realtime client connected: 3ZrQHCoSHFZVHtlYAAAh
App 1784557 output: Realtime client connected: ts-IdqjaE7r1cO_XAAAj
App 1784557 output: Realtime client connected: S-wMXKFOlf7sfbGNAAAo
App 1784557 output: Realtime client connected: A0sJUhzayp-_kcb4AAAx
App 1784557 output: Realtime client disconnected: A0sJUhzayp-_kcb4AAAx
App 1784557 output: Realtime client connected: gwDyXyqXnq_rpA0-AAA1
App 1784557 output: Realtime client disconnected: 3ZrQHCoSHFZVHtlYAAAh
App 1784557 output: Realtime client disconnected: ts-IdqjaE7r1cO_XAAAj
App 1784557 output: Realtime client disconnected: HfBlouC43iP0gNBCAAAL
App 1784557 output: Realtime client connected: UFjhfzIRhFhlW3A8AAA7
App 1784557 output: Realtime client disconnected: q9KVr6_fbHP0-MPZAAAH
App 1784557 output: Realtime client connected: cFjaATIysTUbuRT6AAA-
App 1784557 output: Realtime client connected: Gaybe6eFLzfaiP43AABI
App 1784557 output: Realtime client disconnected: S-wMXKFOlf7sfbGNAAAo
App 1784557 output: Realtime client disconnected: UFjhfzIRhFhlW3A8AAA7
App 1784557 output: Realtime client connected: NKc-UIPcusfEFGTgAABk
App 1784557 output: Realtime client connected: 2VnjhSia3vh-2CwVAABp
App 1784557 output: Realtime client connected: rrTGLstAvHFZ6-mOAABv
App 1784557 output: Realtime client connected: MVJDF1Bfhx3ctgLxAABx
App 1784557 output: Realtime client connected: KdD3r8PZG_yG3dChAABz
App 1784557 output: Realtime client connected: -U-m-zX8AZUw922eAAB1
App 1784557 output: Realtime client connected: mhVYB-V7c79GIMrEAAB3
App 1784557 output: Realtime client connected: -_anGBYLGZF6MPzZAAB5
App 1784557 output: Realtime client connected: IpAPboNnEn3yBNlOAAB7
App 1784557 output: Realtime client connected: ethTP_noWRCSFZOMAACB
App 1784557 output: Realtime client connected: VWLuSu9NSi2kq-IfAACD
App 1784557 output: Realtime client connected: LPMNa5M-7zWzJJ1hAACF
App 1784557 output: Realtime client connected: _yUyB8gVJe372AMLAACM
App 1784557 output: Realtime client disconnected: cFjaATIysTUbuRT6AAA-
App 1784557 output: Realtime client disconnected: Gaybe6eFLzfaiP43AABI
App 1784557 output: Realtime client connected: Reph2hlvKCeiyUOqAACV
App 1784557 output: Realtime client disconnected: gwDyXyqXnq_rpA0-AAA1
App 1784557 output: Realtime client disconnected: 2VnjhSia3vh-2CwVAABp
App 1784557 output: Realtime client connected: _SU1cP83zF4wSDw4AACY
App 1784557 output: Realtime client disconnected: MVJDF1Bfhx3ctgLxAABx
App 1784557 output: Realtime client disconnected: KdD3r8PZG_yG3dChAABz
App 1784557 output: Realtime client disconnected: -U-m-zX8AZUw922eAAB1
App 1784557 output: Realtime client disconnected: mhVYB-V7c79GIMrEAAB3
App 1784557 output: Realtime client disconnected: -_anGBYLGZF6MPzZAAB5
App 1784557 output: Realtime client disconnected: IpAPboNnEn3yBNlOAAB7
App 1784557 output: Realtime client disconnected: ethTP_noWRCSFZOMAACB
App 1784557 output: Realtime client disconnected: VWLuSu9NSi2kq-IfAACD
App 1784557 output: Realtime client disconnected: LPMNa5M-7zWzJJ1hAACF
App 1784557 output: Realtime client disconnected: rrTGLstAvHFZ6-mOAABv
App 1784557 output: Realtime client connected: 0JmuKfNC-vJcqz6kAACy
App 1784557 output: Realtime client disconnected: NKc-UIPcusfEFGTgAABk
App 1784557 output: Realtime client connected: wsn4AUVUSMPRvHooAAC4
App 1784557 output: Realtime client connected: htl4gNOfOMhjxsa4AAC7
App 1784557 output: Realtime client connected: iyToqQiJND-hc-_nAAC9
App 1784557 output: Realtime client connected: 7mSnqKmexY2MAUoMAADA
App 1784557 output: Realtime client disconnected: _SU1cP83zF4wSDw4AACY
App 1784557 output: Realtime client disconnected: Reph2hlvKCeiyUOqAACV
App 1784557 output: Realtime client disconnected: _yUyB8gVJe372AMLAACM
App 1784557 output: Realtime client connected: 5pykZOOP5vpGCdt1AADP
App 1784557 output: Realtime client disconnected: htl4gNOfOMhjxsa4AAC7
App 1784557 output: Realtime client disconnected: 0JmuKfNC-vJcqz6kAACy
App 1784557 output: Realtime client connected: WNbah8CR1ZeusUUQAADV
App 1784557 output: Realtime client disconnected: 7mSnqKmexY2MAUoMAADA
App 1784557 output: Realtime client disconnected: wsn4AUVUSMPRvHooAAC4
App 1784557 output: Realtime client connected: zrxaxQa4yfbndhwmAADx
App 1784557 output: Realtime client disconnected: zrxaxQa4yfbndhwmAADx
App 1784557 output: Realtime client connected: 5SIph-6fPxrCFiRRAAD0
App 1784557 output: Realtime client connected: 4wqvfnmxhFpTbHHzAAED
App 1784557 output: Realtime client connected: 9ZNUw0waXSso7bOLAAEF
App 1784557 output: Realtime client disconnected: iyToqQiJND-hc-_nAAC9
App 1784557 output: Realtime client connected: 1P_epe2aF_gM26vKAAEK
App 1784557 output: Realtime client connected: k2wde6YniMPTrEioAAEM
App 1784557 output: Realtime client connected: 9OvpO8n9zaoqVmGvAAEQ
App 1784557 output: Realtime client disconnected: WNbah8CR1ZeusUUQAADV
App 1784557 output: Realtime client disconnected: 4wqvfnmxhFpTbHHzAAED
App 1784557 output: Realtime client disconnected: 9ZNUw0waXSso7bOLAAEF
App 1784557 output: Realtime client disconnected: 1P_epe2aF_gM26vKAAEK
App 1784557 output: Realtime client disconnected: k2wde6YniMPTrEioAAEM
App 1784557 output: Realtime client disconnected: 9OvpO8n9zaoqVmGvAAEQ
App 1784557 output: Realtime client connected: 3XA-7G7nSBCGk8MEAAEc
App 1784557 output: Realtime client connected: cUzuivan1TsS2RcBAAEf
App 1784557 output: Realtime client connected: bHmx4OgNRs5X8viMAAEj
App 1784557 output: Realtime client connected: qVdSO11vOIzxbf2UAAEl
App 1784557 output: Realtime client connected: VHiueebWX79Bz5RbAAEo
App 1784557 output: Realtime client connected: mZyW0dc-RWGZ8A-GAAEt
App 1784557 output: Realtime client disconnected: 5SIph-6fPxrCFiRRAAD0
App 1784557 output: Realtime client connected: rBqU7vp31t6szWhwAAEy
App 1784557 output: Realtime client disconnected: 5pykZOOP5vpGCdt1AADP
App 1784557 output: Realtime client disconnected: cUzuivan1TsS2RcBAAEf
App 1784557 output: Realtime client disconnected: bHmx4OgNRs5X8viMAAEj
App 1784557 output: Realtime client disconnected: qVdSO11vOIzxbf2UAAEl
App 1784557 output: Realtime client disconnected: VHiueebWX79Bz5RbAAEo
App 1784557 output: Realtime client connected: 2vTc8gmzHMVynnaAAAFJ
App 1784557 output: Realtime client connected: _Rx7_vvmGFJUPwlkAAFL
App 1784557 output: Realtime client connected: _yaFMTOZNkvno3bIAAFO
App 1784557 output: Realtime client disconnected: 3XA-7G7nSBCGk8MEAAEc
App 1784557 output: Realtime client connected: OxST--VHckMSN8GoAAFR
App 1784557 output: Realtime client disconnected: mZyW0dc-RWGZ8A-GAAEt
App 1784557 output: Realtime client disconnected: 2vTc8gmzHMVynnaAAAFJ
App 1784557 output: Realtime client disconnected: _Rx7_vvmGFJUPwlkAAFL
App 1784557 output: Realtime client disconnected: _yaFMTOZNkvno3bIAAFO
App 1784557 output: Realtime client connected: XX2rhFa2ls4NosxzAAF4
App 1784557 output: Realtime client disconnected: rBqU7vp31t6szWhwAAEy
App 1784557 output: Realtime client connected: 4u1zXSLSHBMavj_OAAGJ
App 1784557 output: Realtime client disconnected: 4u1zXSLSHBMavj_OAAGJ
App 1784557 output: Realtime client connected: -QwHzr45SaYbcZLwAAGN
App 1784557 output: Realtime client connected: Q4VFSsCH_5kgbl1HAAGU
App 1784557 output: Realtime client connected: oifSSUE3VFnb7UFMAAGW
App 1784557 output: Realtime client connected: bhBohR5CXRTuXy1bAAGY
App 1784557 output: Realtime client disconnected: OxST--VHckMSN8GoAAFR
App 1784557 output: Realtime client disconnected: XX2rhFa2ls4NosxzAAF4
App 1784557 output: Realtime client disconnected: Q4VFSsCH_5kgbl1HAAGU
App 1784557 output: Realtime client disconnected: oifSSUE3VFnb7UFMAAGW
App 1784557 output: Realtime client disconnected: bhBohR5CXRTuXy1bAAGY
App 1784557 output: Realtime client connected: P4vxRvb5KWnLKjTJAAHJ
App 1784557 output: Realtime client connected: CGmtSm_ZnLbKMo80AAHQ
App 1784557 output: Realtime client connected: 7RP9rINzZfDbwxluAAHS
App 1784557 output: Realtime client disconnected: -QwHzr45SaYbcZLwAAGN
App 1784557 output: Realtime client disconnected: CGmtSm_ZnLbKMo80AAHQ
App 1784557 output: Realtime client connected: 6CsYDJKzdQHscvUnAAH5
App 1784557 output: Realtime client disconnected: P4vxRvb5KWnLKjTJAAHJ
App 1784557 output: Realtime client disconnected: 6CsYDJKzdQHscvUnAAH5
App 1784557 output: Realtime client connected: aZVVjJpPxcZjAEn9AAI_
App 1784557 output: Realtime client connected: YdKcp8o3EY-3YMprAAJr
App 1784557 output: Realtime client disconnected: YdKcp8o3EY-3YMprAAJr
App 1784557 output: Realtime client connected: lxtb_IcRVHxpyluZAAJu
App 1784557 output: Realtime client connected: cT89RQ7-SlZBtV7XAAJz
App 1784557 output: Realtime client disconnected: 7RP9rINzZfDbwxluAAHS
App 1784557 output: Realtime client connected: dLp-ceUkAXtLnXZXAAKN
App 1784557 output: Realtime client disconnected: cT89RQ7-SlZBtV7XAAJz
App 1784557 output: Realtime client disconnected: dLp-ceUkAXtLnXZXAAKN
App 1784557 output: Realtime client disconnected: aZVVjJpPxcZjAEn9AAI_
App 1784557 output: Realtime client connected: QquqWz5cTRQtt1f2AALG
App 1784557 output: Realtime client disconnected: QquqWz5cTRQtt1f2AALG
App 1784557 output: Realtime client connected: ILGrieEWfRTEqraCAANP
App 1784557 output: Realtime client disconnected: lxtb_IcRVHxpyluZAAJu
App 1784557 output: Realtime client connected: bMds97CCBiWSqc5CAAOl
App 1784557 output: Realtime client connected: QjY2Aj6NoMDqyvRVAAO-
App 1784557 output: Realtime client disconnected: bMds97CCBiWSqc5CAAOl
App 1784557 output: Realtime client disconnected: ILGrieEWfRTEqraCAANP
App 1784557 output: Realtime client connected: ZCsvqzJYRJq1P1T0AAQr
App 1784557 output: Realtime client disconnected: QjY2Aj6NoMDqyvRVAAO-
App 1784557 output: Realtime client connected: 4Q_kpL_TBV_HhLwBAATq
App 1784557 output: Realtime client disconnected: ZCsvqzJYRJq1P1T0AAQr
App 1784557 output: Realtime client disconnected: 4Q_kpL_TBV_HhLwBAATq
App 2367530 output: MySQL Connected: localhost/rnbmanag_demokopiniskala
App 2367530 output: POS Server is listening on port 8000
App 2367530 output: Realtime client connected: 6TL3sSu_uEqDhOBaAAAB
App 2367530 output: Realtime client connected: 1jOiHopBA3b0h4oyAAAF
App 2367530 output: Realtime client disconnected: 6TL3sSu_uEqDhOBaAAAB
App 2367530 output: Realtime client connected: 4aDTdBSBB4dg3JQFAAAI
App 2369607 output: MySQL Connected: localhost/rnbmanag_demokopiniskala
App 2369607 output: POS Server is listening on port 8000
App 2369607 output: Realtime client connected: nWqrnKNQn5XUfjEHAAAD
App 2369607 output: Realtime client connected: f6sAEUxsc9OngY7tAAAR
App 2369607 output: Realtime client connected: D-cgR5awBkw9cCABAAA2
App 2369607 output: Realtime client disconnected: f6sAEUxsc9OngY7tAAAR
App 2369607 output: Realtime client connected: To8uDp4y4DCY2ldiAABv
App 2369607 output: Realtime client connected: u-Z99eoYYfwt0UE7AABx
App 2369607 output: Realtime client disconnected: D-cgR5awBkw9cCABAAA2
App 2369607 output: Realtime client disconnected: To8uDp4y4DCY2ldiAABv
App 2369607 output: Realtime client disconnected: nWqrnKNQn5XUfjEHAAAD
App 2369607 output: Realtime client connected: EjySKiPXKjE4oWtOAAC2
App 2369607 output: Realtime client disconnected: EjySKiPXKjE4oWtOAAC2
App 2369607 output: Realtime client connected: bc2EFoAAcFThwJTRAADF
App 2369607 output: Realtime client disconnected: bc2EFoAAcFThwJTRAADF
App 2369607 output: Realtime client connected: XH7ik5z_B9YkAlaDAADJ
App 2369607 output: Realtime client connected: VgoSxU42FTAhg-BwAADM
App 2369607 output: Realtime client connected: W1roD5TVg0kAFcO9AADQ
App 2369607 output: Realtime client connected: QLYXrW-85_U36LzfAADS
App 2369607 output: Realtime client connected: u8zABZ77HxlaMXA1AADV
App 2369607 output: Realtime client disconnected: u-Z99eoYYfwt0UE7AABx
App 2369607 output: Realtime client disconnected: XH7ik5z_B9YkAlaDAADJ
App 2369607 output: Realtime client disconnected: VgoSxU42FTAhg-BwAADM
App 2369607 output: Realtime client disconnected: W1roD5TVg0kAFcO9AADQ
App 2369607 output: Realtime client disconnected: QLYXrW-85_U36LzfAADS
App 2369607 output: Realtime client disconnected: u8zABZ77HxlaMXA1AADV
App 2369607 output: Realtime client connected: gWLVlqhG56P6C3orAAHv
App 2369607 output: Realtime client disconnected: gWLVlqhG56P6C3orAAHv
App 2369607 output: Realtime client connected: uYlV3ZnieCL2nk0yAAH9
App 2369607 output: Realtime client connected: XKJvP4Neo1vyWUixAAIF
App 2369607 output: Realtime client disconnected: uYlV3ZnieCL2nk0yAAH9
App 2369607 output: Realtime client disconnected: XKJvP4Neo1vyWUixAAIF
App 2672306 output: MySQL Connected: localhost/rnbmanag_demokopiniskala
App 2672306 output: POS Server is listening on port 8000
App 2672306 output: Realtime client connected: ZULP-jFQxBMnRsGHAACR
App 2672306 output: Realtime client disconnected: ZULP-jFQxBMnRsGHAACR
App 2794456 output: MySQL Connected: localhost/rnbmanag_demokopiniskala
App 2794456 output: POS Server is listening on port 8000
App 3103462 output: MySQL Connected: localhost/rnbmanag_demokopiniskala
App 3103462 output: POS Server is listening on port 8000
App 3405802 output: MySQL Connected: localhost/rnbmanag_demokopiniskala
App 3405802 output: POS Server is listening on port 8000
App 1468026 output: MySQL Connected: localhost/rnbmanag_demokopiniskala
App 1468026 output: POS Server is listening on port 8000
App 1468026 output: Realtime client connected: 5zgy2eM-kWxVY5GkAAAB
App 1468026 output: Realtime client disconnected: 5zgy2eM-kWxVY5GkAAAB
App 1468026 output: Realtime client connected: ZWy97C17-KLqhGnDAAAD
App 1468026 output: Realtime client connected: pIIgwi80qOUgy7o-AAAF
App 1468026 output: Realtime client disconnected: ZWy97C17-KLqhGnDAAAD
App 1468026 output: Realtime client disconnected: pIIgwi80qOUgy7o-AAAF
App 2259286 output: MySQL Connected: localhost/rnbmanag_demokopiniskala
App 2259286 output: POS Server is listening on port 8000
App 3083011 output: MySQL Connected: localhost/rnbmanag_demokopiniskala
App 3083011 output: POS Server is listening on port 8000
App 3564962 output: MySQL Connected: localhost/rnbmanag_demokopiniskala
App 3564962 output: POS Server is listening on port 8000
App 999633 output: MySQL Connected: localhost/rnbmanag_demokopiniskala
App 999633 output: POS Server is listening on port 8000
App 999633 output: Realtime client connected: O7Bc9mBNpRuVw7eXAAAB
App 999633 output: Realtime client disconnected: O7Bc9mBNpRuVw7eXAAAB
App 999633 output: Realtime client connected: gTt22lpCMMy-o4JJAAAD
App 999633 output: Realtime client disconnected: gTt22lpCMMy-o4JJAAAD
App 1265166 output: MySQL Connected: localhost/rnbmanag_demokopiniskala
App 1265166 output: POS Server is listening on port 8000
App 1701130 output: MySQL Connected: localhost/rnbmanag_demokopiniskala
App 1701130 output: POS Server is listening on port 8000
App 1701130 output: Realtime client connected: 8LLeO1g8Om7rRTpQAAAB
App 1701130 output: Realtime client disconnected: 8LLeO1g8Om7rRTpQAAAB
App 1701130 output: Realtime client connected: LdY_MSDMC4nlWZkUAAAD
App 1701130 output: Realtime client disconnected: LdY_MSDMC4nlWZkUAAAD
App 2349452 output: MySQL Connected: localhost/rnbmanag_demokopiniskala
App 2349452 output: POS Server is listening on port 8000
App 2349452 output: Realtime client connected: IfojZWxmTU5u3UJvAAAB
App 2349452 output: Realtime client disconnected: IfojZWxmTU5u3UJvAAAB
App 2349452 output: Realtime client connected: Ix1H5dQw5kpe0wTfAAAD
App 2349452 output: Realtime client disconnected: Ix1H5dQw5kpe0wTfAAAD
App 2520029 output: MySQL Connected: localhost/rnbmanag_demokopiniskala
App 2520029 output: POS Server is listening on port 8000
App 2520029 output: Realtime client connected: oHr7eJn-89Bg5KbxAAAB
App 2520029 output: Realtime client disconnected: oHr7eJn-89Bg5KbxAAAB
App 2520029 output: Realtime client connected: EQZjzU78BtoKuGtlAAAD
App 2520029 output: Realtime client disconnected: EQZjzU78BtoKuGtlAAAD
App 3292727 output: MySQL Connected: localhost/rnbmanag_demokopiniskala
App 3292727 output: POS Server is listening on port 8000
App 3435578 output: MySQL Connected: localhost/rnbmanag_demokopiniskala
App 3435578 output: POS Server is listening on port 8000
App 1538145 output: MySQL Connected: localhost/rnbmanag_demokopiniskala
App 1538145 output: POS Server is listening on port 8000
App 1538145 output: Realtime client connected: Thw7xwfBckdB9ZkVAAAB
App 1538145 output: Realtime client disconnected: Thw7xwfBckdB9ZkVAAAB
App 312811 output: MySQL Connected: localhost/rnbmanag_demokopiniskala
App 312811 output: POS Server is listening on port 8000
App 731455 output: MySQL Connected: localhost/rnbmanag_demokopiniskala
App 731455 output: POS Server is listening on port 8000
App 992115 output: MySQL Connected: localhost/rnbmanag_demokopiniskala
App 992115 output: POS Server is listening on port 8000
App 2063666 output: MySQL Connected: localhost/rnbmanag_demokopiniskala
App 2063666 output: POS Server is listening on port 8000
App 3655568 output: MySQL Connected: localhost/rnbmanag_demokopiniskala
App 3655568 output: POS Server is listening on port 8000
App 3655568 output: Realtime client connected: 98McWZntYx4JW9UGAAAC
App 3655568 output: Realtime client disconnected: 98McWZntYx4JW9UGAAAC
App 610628 output: MySQL Connected: localhost/rnbmanag_demokopiniskala
App 610628 output: POS Server is listening on port 8000
App 987178 output: MySQL Connected: localhost/rnbmanag_demokopiniskala
App 987178 output: POS Server is listening on port 8000
App 987178 output: Realtime client connected: FaTsp_azMnN4ikwZAAAB
App 987178 output: Realtime client disconnected: FaTsp_azMnN4ikwZAAAB
App 987178 output: Realtime client connected: Yqw-FBGARE7VdmFnAAAD
App 987178 output: Realtime client disconnected: Yqw-FBGARE7VdmFnAAAD
App 1595118 output: MySQL Connected: localhost/rnbmanag_demokopiniskala
App 1595118 output: POS Server is listening on port 8000
App 3697986 output: MySQL Connected: localhost/rnbmanag_demokopiniskala
App 3697986 output: POS Server is listening on port 8000
App 2905604 output: MySQL Connected: localhost/rnbmanag_demokopiniskala
App 2905604 output: POS Server is listening on port 8000
App 773882 output: MySQL Connected: localhost/rnbmanag_demokopiniskala
App 773882 output: POS Server is listening on port 8000
App 773882 output: Realtime client connected: AElbWO3DMB7jb00IAAAB
App 773882 output: Realtime client disconnected: AElbWO3DMB7jb00IAAAB
App 773882 output: Realtime client connected: TzSupyf6G6ZJuEpwAAAD
App 773882 output: Realtime client disconnected: TzSupyf6G6ZJuEpwAAAD
App 773882 output: Realtime client connected: Oo7xHh2gXlQ8aU3PAAAF
App 773882 output: Realtime client disconnected: Oo7xHh2gXlQ8aU3PAAAF
App 773882 output: Realtime client connected: AYKmTGuflOVerKAhAAAH
App 773882 output: Realtime client disconnected: AYKmTGuflOVerKAhAAAH
App 773882 output: Realtime client connected: pE0K7HcfFrUWl1PrAAAJ
App 773882 output: Realtime client disconnected: pE0K7HcfFrUWl1PrAAAJ
App 773882 output: Realtime client connected: V7B2Xr_w1_IOEkPxAAAL
App 1396832 output: MySQL Connected: localhost/rnbmanag_demokopiniskala
App 1396832 output: POS Server is listening on port 8000
App 1396832 output: Realtime client connected: L5PdbAa0VYWHJeCmAAAB
App 1396832 output: Realtime client disconnected: L5PdbAa0VYWHJeCmAAAB
App 1396832 output: Realtime client connected: bOnm2Xh1pzZHQHvEAAAD
App 1447920 output: MySQL Connected: localhost/rnbmanag_demokopiniskala
App 1447920 output: POS Server is listening on port 8000
App 1447920 output: Realtime client connected: xdQ4T1V-oVra0-7wAAAB
App 1447920 output: Realtime client disconnected: xdQ4T1V-oVra0-7wAAAB
App 1447920 output: Realtime client connected: IxHC9kmTrtB_-vcpAAAD
App 1668696 output: MySQL Connected: localhost/rnbmanag_demokopiniskala
App 1668696 output: POS Server is listening on port 8000
App 1668696 output: Realtime client connected: lrbvvmLDzf6Me2HKAAAB
App 1772320 output: MySQL Connected: localhost/rnbmanag_demokopiniskala
App 1772320 output: POS Server is listening on port 8000
App 1772320 output: Realtime client connected: PuqQkTIlX06v3syEAAAB
App 1772320 output: Realtime client disconnected: PuqQkTIlX06v3syEAAAB
App 1772320 output: Realtime client connected: fedEt8lBolgsVZQLAAAD
App 1772320 output: Realtime client disconnected: fedEt8lBolgsVZQLAAAD
App 1772320 output: Realtime client connected: tkvkEnIYEhetxFceAAAF
App 1772320 output: Realtime client disconnected: tkvkEnIYEhetxFceAAAF
App 1772320 output: Realtime client connected: bwK8YsAZRGl9Lzh7AAAH
App 1772320 output: Realtime client disconnected: bwK8YsAZRGl9Lzh7AAAH
App 1772320 output: Realtime client connected: G9Jv0R4a7dqh9RE_AAAJ
App 2151706 output: MySQL Connected: localhost/rnbmanag_demokopiniskala
App 2151706 output: POS Server is listening on port 8000
App 2151706 output: Realtime client connected: Iyw9AB9EINOMBvOVAAAB
App 2151706 output: Realtime client disconnected: Iyw9AB9EINOMBvOVAAAB
App 2151706 output: Realtime client connected: BDeqD56sDQqgJH9AAAAD
App 2273335 output: MySQL Connected: localhost/rnbmanag_demokopiniskala
App 2273335 output: POS Server is listening on port 8000
App 2273335 output: Realtime client connected: Y1rA_2mt0E0t7WM1AAAB
App 2273335 output: Realtime client disconnected: Y1rA_2mt0E0t7WM1AAAB
App 2273335 output: Realtime client connected: QAc7F5iezefmBzA0AAAD
App 2273335 output: Realtime client disconnected: QAc7F5iezefmBzA0AAAD
App 2273335 output: Realtime client connected: Xy7VX-XGvN7n2CjtAAAF
App 2273335 output: Realtime client disconnected: Xy7VX-XGvN7n2CjtAAAF
App 2273335 output: Realtime client connected: zZKATBC_584sSEUTAAAH
App 2273335 output: Realtime client disconnected: zZKATBC_584sSEUTAAAH
App 2273335 output: Realtime client connected: D0wZmvg4fvm4xMWkAAAJ
App 2872395 output: MySQL Connected: localhost/rnbmanag_demokopiniskala
App 2872395 output: POS Server is listening on port 8000
App 2872395 output: Realtime client connected: z5UstqUymNmhf5QzAAAB
App 2872395 output: Realtime client disconnected: z5UstqUymNmhf5QzAAAB
App 2872395 output: Realtime client connected: bcaHUhCoY97dUJ8sAAAD
App 2872395 output: Realtime client disconnected: bcaHUhCoY97dUJ8sAAAD
App 2872395 output: Realtime client connected: yKJjCtMmY5TdS_IaAAAF
App 2872395 output: Realtime client disconnected: yKJjCtMmY5TdS_IaAAAF
App 2872395 output: Realtime client connected: p8RL7aOmd9H1IyGrAAAH
App 2872395 output: Realtime client disconnected: p8RL7aOmd9H1IyGrAAAH
App 2872395 output: Realtime client connected: LI3SxCCIhRFaT32MAAAJ
App 2872395 output: Realtime client disconnected: LI3SxCCIhRFaT32MAAAJ
App 2872395 output: Realtime client connected: zHix998Sqf_hOeBBAAAL
App 3683873 output: MySQL Connected: localhost/rnbmanag_demokopiniskala
App 3683873 output: POS Server is listening on port 8000
App 3683873 output: Realtime client connected: Wi0UhCELvTDqzp9XAAAB
App 3683873 output: Realtime client disconnected: Wi0UhCELvTDqzp9XAAAB
App 3683873 output: Realtime client connected: 4NgNMP8xCVOl24ClAAAD
App 3683873 output: Realtime client disconnected: 4NgNMP8xCVOl24ClAAAD
App 3683873 output: Realtime client connected: Gzq5Q1KbNYqbQdxOAAAF
App 3683873 output: Realtime client disconnected: Gzq5Q1KbNYqbQdxOAAAF
App 3683873 output: Realtime client connected: tQ_fsizNIZeNLHGvAAAH
App 27320 output: MySQL Connected: localhost/rnbmanag_demokopiniskala
App 27320 output: POS Server is listening on port 8000
App 27320 output: Realtime client connected: R_f8wYOzD57Ai7zVAAAB
App 27320 output: Realtime client disconnected: R_f8wYOzD57Ai7zVAAAB
App 27320 output: Realtime client connected: T36F4EXJsKrV1QEeAAAD
App 27320 output: Realtime client disconnected: T36F4EXJsKrV1QEeAAAD
App 621325 output: MySQL Connected: localhost/rnbmanag_demokopiniskala
App 621325 output: POS Server is listening on port 8000
App 621325 output: Realtime client connected: 0iEJ4BJrxPYVqWlGAAAB
App 621325 output: Realtime client connected: zxmE5G23JgYGq7JQAAAD
App 621325 output: Realtime client disconnected: zxmE5G23JgYGq7JQAAAD
App 621325 output: Realtime client connected: yUF2ztLuXau1P8TDAAAF
App 621325 output: Realtime client disconnected: 0iEJ4BJrxPYVqWlGAAAB
App 621325 output: Realtime client disconnected: yUF2ztLuXau1P8TDAAAF
App 621325 output: Realtime client connected: g14M1ttLIZdlh6icAAAH
App 621325 output: Realtime client disconnected: g14M1ttLIZdlh6icAAAH
App 621325 output: Realtime client connected: p2pxC9Nw25h_RNKmAAAJ
App 621325 output: Realtime client connected: L-hkR9apEExAmToHAAAL
App 621325 output: Realtime client disconnected: p2pxC9Nw25h_RNKmAAAJ
App 621325 output: Realtime client disconnected: L-hkR9apEExAmToHAAAL
App 903278 output: MySQL Connected: localhost/rnbmanag_demokopiniskala
App 903278 output: POS Server is listening on port 8000
App 903278 output: Realtime client connected: QZDyadv_xEzkIStdAAAB
App 903278 output: Realtime client connected: evVZUv3WuWTxVaRoAAAE
App 903278 output: Realtime client connected: Oei6YZyQAfFygBVcAAAF
App 903278 output: Realtime client disconnected: Oei6YZyQAfFygBVcAAAF
App 903278 output: Realtime client connected: oLldzbCd06FN_-87AAAH
App 903278 output: Realtime client disconnected: QZDyadv_xEzkIStdAAAB
App 903278 output: Realtime client disconnected: evVZUv3WuWTxVaRoAAAE
App 903278 output: Realtime client disconnected: oLldzbCd06FN_-87AAAH
App 903278 output: Realtime client connected: KA1cn_qyeAjwBYdhAAAJ
App 903278 output: Realtime client disconnected: KA1cn_qyeAjwBYdhAAAJ
App 903278 output: Realtime client connected: r_knh3b0yYFief5AAAAL
App 903278 output: Realtime client disconnected: r_knh3b0yYFief5AAAAL
App 903278 output: Realtime client connected: IQUMs41WrcHS_RB_AAAN
App 903278 output: Realtime client disconnected: IQUMs41WrcHS_RB_AAAN
App 903278 output: Realtime client connected: BPfipwcUYsDaPuTwAAAP
App 903278 output: Realtime client disconnected: BPfipwcUYsDaPuTwAAAP
App 903278 output: Realtime client connected: gEpHhKwFwOG3p8eqAAAR
App 903278 output: Realtime client connected: y2yVM0gXseE1UgGnAAAT
App 903278 output: Realtime client disconnected: y2yVM0gXseE1UgGnAAAT
App 903278 output: Realtime client connected: aAIgid3CDzxMyN09AAAV
App 903278 output: Realtime client disconnected: aAIgid3CDzxMyN09AAAV
App 903278 output: Realtime client connected: i6tn-JTNVOZzWpA0AAAX
App 903278 output: Realtime client disconnected: i6tn-JTNVOZzWpA0AAAX
App 903278 output: Realtime client disconnected: gEpHhKwFwOG3p8eqAAAR
App 903278 output: Realtime client connected: uhVgQetAhUwiEZgcAAAZ
App 1233624 output: MySQL Connected: localhost/rnbmanag_demokopiniskala
App 1233624 output: POS Server is listening on port 8000
App 1233624 output: Realtime client connected: dySE-tncW2eHkw-XAAAB
App 1233624 output: Realtime client disconnected: dySE-tncW2eHkw-XAAAB
App 1233624 output: Realtime client connected: zfAwFORonRwq2c3jAAAD
App 1255915 output: MySQL Connected: localhost/rnbmanag_demokopiniskala
App 1255915 output: POS Server is listening on port 8000
App 1255915 output: Realtime client connected: Ij35isDe5Ht0bcWLAAAB
App 1262807 output: MySQL Connected: localhost/rnbmanag_demokopiniskala
App 1262807 output: POS Server is listening on port 8000
App 1262807 output: Realtime client connected: FidDQlmvGNr9-0zmAAAB
App 1262807 output: Realtime client disconnected: FidDQlmvGNr9-0zmAAAB
App 1262807 output: Realtime client connected: l-1YZynIG0FAxnsaAAAD
App 1262807 output: Realtime client connected: Karvi9xhMC_C-AtMAAAG
App 1262807 output: Realtime client disconnected: Karvi9xhMC_C-AtMAAAG
App 1262807 output: Realtime client connected: FbSEyxWt2_yiVir1AAAI
App 1262807 output: Realtime client disconnected: l-1YZynIG0FAxnsaAAAD
App 1262807 output: Realtime client connected: EIBEqBtieISD1L0jAAAL
App 1262807 output: Realtime client disconnected: FbSEyxWt2_yiVir1AAAI
App 1262807 output: Realtime client connected: U9f8Zpr_MQlv5BO-AAAP
App 1262807 output: Realtime client disconnected: U9f8Zpr_MQlv5BO-AAAP
App 1262807 output: Realtime client connected: pffWXVxS_ycgqbyCAAAR
App 1262807 output: Realtime client connected: _X5-9lYxerqymBc1AAAT
App 1262807 output: Realtime client disconnected: _X5-9lYxerqymBc1AAAT
App 1262807 output: Realtime client disconnected: pffWXVxS_ycgqbyCAAAR
App 1262807 output: Realtime client connected: CsYPD17088PRxZ22AAAV
App 1262807 output: Realtime client disconnected: CsYPD17088PRxZ22AAAV
App 1262807 output: Realtime client disconnected: EIBEqBtieISD1L0jAAAL
App 1262807 output: Realtime client connected: sDgoveJkCAEnwvFlAAAX
App 1262807 output: Realtime client connected: 0JtFtNzEARENV5VfAAAZ
App 1262807 output: Realtime client disconnected: 0JtFtNzEARENV5VfAAAZ
App 1262807 output: Realtime client connected: wpE3XLklJWR-XTFvAAAb
App 1262807 output: Realtime client disconnected: sDgoveJkCAEnwvFlAAAX
App 1262807 output: Realtime client connected: JAoeK1M8IyLTjsVQAAAd
App 1262807 output: Realtime client disconnected: wpE3XLklJWR-XTFvAAAb
App 1262807 output: Realtime client connected: Lu9oNg_KcloBHEPBAAAf
App 1262807 output: Realtime client disconnected: Lu9oNg_KcloBHEPBAAAf
App 1262807 output: Realtime client connected: _S3gUoa19lD1wWBcAAAh
App 1262807 output: Realtime client disconnected: JAoeK1M8IyLTjsVQAAAd
App 1777161 output: MySQL Connected: localhost/rnbmanag_demokopiniskala
App 1777161 output: POS Server is listening on port 8000
App 1777161 output: Realtime client connected: r65YOBYuWLwTsujrAAAB
App 1777161 output: Realtime client disconnected: r65YOBYuWLwTsujrAAAB
App 1777161 output: Realtime client connected: Vr9672mzSD9EYEaNAAAD
App 1807733 output: MySQL Connected: localhost/rnbmanag_demokopiniskala
App 1807733 output: POS Server is listening on port 8000
App 1807733 output: Realtime client connected: YTvq-_U6tU66swlrAAAB
App 1807733 output: Realtime client disconnected: YTvq-_U6tU66swlrAAAB
App 1807733 output: Realtime client connected: 8O2PEokoPAauq72CAAAD
App 1807733 output: Realtime client connected: XjeVI6sXph5PdfGeAAAF
App 1807733 output: Realtime client disconnected: XjeVI6sXph5PdfGeAAAF
App 1807733 output: Realtime client connected: JUAP4fs9YGjeBBSDAAAH
App 1807733 output: Realtime client disconnected: 8O2PEokoPAauq72CAAAD
App 1807733 output: Realtime client disconnected: JUAP4fs9YGjeBBSDAAAH
App 1807733 output: Realtime client connected: PsyWL_3z5H7t-Me1AAAJ
App 2032345 output: MySQL Connected: localhost/rnbmanag_demokopiniskala
App 2032345 output: POS Server is listening on port 8000
App 2032345 output: Realtime client connected: SRnBy3BSXakaDvxCAAAB
App 2032345 output: Realtime client disconnected: SRnBy3BSXakaDvxCAAAB
App 2032345 output: Realtime client connected: kWfegHgfhhjdXeRmAAAD
App 2193018 output: MySQL Connected: localhost/rnbmanag_demokopiniskala
App 2193018 output: POS Server is listening on port 8000
App 2193018 output: Realtime client connected: PZnTjOl4ofl-5dyYAAAB
App 2193018 output: Realtime client disconnected: PZnTjOl4ofl-5dyYAAAB
App 2193018 output: Realtime client connected: wfBLY_YkH07yavBKAAAD
App 2193018 output: Realtime client connected: VbimX57-rQCKdXfWAAAF
App 2193018 output: Realtime client disconnected: VbimX57-rQCKdXfWAAAF
App 2193018 output: Realtime client connected: RW3CrK-VyTYmSiCKAAAH
App 2193018 output: Realtime client disconnected: RW3CrK-VyTYmSiCKAAAH
App 2193018 output: Realtime client connected: dJyEIjwclwJSjn7eAAAJ
App 2193018 output: Realtime client disconnected: dJyEIjwclwJSjn7eAAAJ
App 2193018 output: Realtime client connected: Q3lvvrzQC9zyFrBDAAAL
App 2193018 output: Realtime client disconnected: Q3lvvrzQC9zyFrBDAAAL
App 2193018 output: Realtime client connected: bFcDQ8lJa1odv253AAAN
App 2193018 output: Realtime client disconnected: bFcDQ8lJa1odv253AAAN
App 2193018 output: Realtime client connected: i9vGt9fQLEe6zqidAAAP
App 2193018 output: Realtime client connected: ySJS_6fPEhB35CQWAAAR
App 2193018 output: Realtime client disconnected: ySJS_6fPEhB35CQWAAAR
App 2193018 output: Realtime client connected: ubtbTnWDc5yJdWXfAAAT
App 2193018 output: Realtime client disconnected: ubtbTnWDc5yJdWXfAAAT
App 2193018 output: Realtime client connected: hmVok18SsB4gspPHAAAV
App 2193018 output: Realtime client disconnected: i9vGt9fQLEe6zqidAAAP
App 2193018 output: Realtime client disconnected: hmVok18SsB4gspPHAAAV
App 2193018 output: Realtime client connected: N8Kpy4NoD75kwun6AAAX
App 2193018 output: Realtime client disconnected: N8Kpy4NoD75kwun6AAAX
App 2193018 output: Realtime client connected: bq8nw0bW386SiB1rAAAZ
App 2193018 output: Realtime client disconnected: bq8nw0bW386SiB1rAAAZ
App 2193018 output: Realtime client connected: iWkVZ3Ze0IHPPhM7AAAb
App 2193018 output: Realtime client disconnected: iWkVZ3Ze0IHPPhM7AAAb
App 2193018 output: Realtime client connected: MfLOtTeWtUkB4k_YAAAd
App 2193018 output: Realtime client disconnected: MfLOtTeWtUkB4k_YAAAd
App 2193018 output: Realtime client connected: bYNDcQyzHMPRhizVAAAf
App 2193018 output: Realtime client disconnected: bYNDcQyzHMPRhizVAAAf
App 2193018 output: Realtime client connected: -sLTqwqfTj6pnWL0AAAh
App 2193018 output: Realtime client disconnected: -sLTqwqfTj6pnWL0AAAh
App 2193018 output: Realtime client connected: DjbEV25GJnFI5NmUAAAj
App 2193018 output: Realtime client disconnected: DjbEV25GJnFI5NmUAAAj
App 2193018 output: Realtime client connected: 2VSto1gXwJy0cInjAAAl
App 2193018 output: Realtime client disconnected: wfBLY_YkH07yavBKAAAD
App 2193018 output: Realtime client connected: k7MrdWMfx4qQaIaUAAAn
App 2193018 output: Realtime client disconnected: 2VSto1gXwJy0cInjAAAl
App 2193018 output: Realtime client connected: GatCfGr2xqdX3qLaAAAq
App 2193018 output: Realtime client disconnected: GatCfGr2xqdX3qLaAAAq
App 2193018 output: Realtime client connected: XrbmoA05HJJDLvnTAAAs
App 2193018 output: Realtime client disconnected: XrbmoA05HJJDLvnTAAAs
App 2193018 output: Realtime client connected: s5oynCxeLl-OJYWnAAAu
App 2193018 output: Realtime client disconnected: s5oynCxeLl-OJYWnAAAu
App 2193018 output: Realtime client disconnected: k7MrdWMfx4qQaIaUAAAn
App 2193018 output: Realtime client connected: K1IJTa5Dj1jINEfJAAAw
App 2193018 output: Realtime client connected: lU74zdSdKG0v27urAAAy
App 2193018 output: Realtime client disconnected: lU74zdSdKG0v27urAAAy
App 2193018 output: Realtime client connected: L2vqC5rXg60plztJAAA0
App 2193018 output: Realtime client disconnected: L2vqC5rXg60plztJAAA0
App 2193018 output: Realtime client connected: IfXoGnQtmbUdTj5hAAA2
App 2193018 output: Realtime client disconnected: IfXoGnQtmbUdTj5hAAA2
App 2193018 output: Realtime client connected: MlcVBxo8tG4sdMc9AAA4
App 2372926 output: MySQL Connected: localhost/rnbmanag_demokopiniskala
App 2372926 output: POS Server is listening on port 8000
App 2372926 output: Realtime client connected: eanJb9XX2RDpqvcEAAAB
App 2372926 output: Realtime client disconnected: eanJb9XX2RDpqvcEAAAB
App 2372926 output: Realtime client connected: JMJz0L7N91m0OF1hAAAD
App 2372926 output: Realtime client connected: apKmQJ-LIEsUUAyEAAAF
App 2372926 output: Realtime client disconnected: apKmQJ-LIEsUUAyEAAAF
App 2542413 output: MySQL Connected: localhost/rnbmanag_demokopiniskala
App 2542413 output: POS Server is listening on port 8000
App 2542413 output: Realtime client connected: xrXUUduZkllpxcnMAAAB
App 2542413 output: Realtime client disconnected: xrXUUduZkllpxcnMAAAB
App 2542413 output: Realtime client connected: 18C6eSZh9_z5SfZkAAAD
App 2542413 output: Realtime client disconnected: 18C6eSZh9_z5SfZkAAAD
App 2542413 output: Realtime client connected: XUu5WaoLorLklC8JAAAF
App 2691405 output: MySQL Connected: localhost/rnbmanag_demokopiniskala
App 2691405 output: POS Server is listening on port 8000
App 2691405 output: Realtime client connected: 1G7Msn9v60RdD_HBAAAB
App 2691405 output: Realtime client disconnected: 1G7Msn9v60RdD_HBAAAB
App 2691405 output: Realtime client connected: lq3AsjH2N8YAYzg9AAAD
App 2691405 output: Realtime client connected: 6itCZs0x_sVp4j7yAAAF
App 2691405 output: Realtime client disconnected: 6itCZs0x_sVp4j7yAAAF
App 2691405 output: Realtime client disconnected: lq3AsjH2N8YAYzg9AAAD
App 2691405 output: Realtime client connected: IgaBmBZ5xzXi7T8rAAAH
App 2691405 output: Realtime client disconnected: IgaBmBZ5xzXi7T8rAAAH
App 2691405 output: Realtime client connected: CM3lyKCQ2qV_gRLfAAAJ
App 2691405 output: Realtime client connected: cpPpIi8D6zXaEHh8AAAL
App 2691405 output: Realtime client disconnected: cpPpIi8D6zXaEHh8AAAL
App 2992267 output: MySQL Connected: localhost/rnbmanag_demokopiniskala
App 2992267 output: POS Server is listening on port 8000
App 2992267 output: Realtime client connected: JJ76L4RWTncEoaIVAAAB
App 2992267 output: Realtime client disconnected: JJ76L4RWTncEoaIVAAAB
App 2992267 output: Realtime client connected: BAkizFpMTpz4-ZPOAAAD
App 3215838 output: MySQL Connected: localhost/rnbmanag_demokopiniskala
App 3215838 output: POS Server is listening on port 8000
App 3215838 output: Realtime client connected: M6ZKk7LbzPo0e2uPAAAB
App 3215838 output: Realtime client disconnected: M6ZKk7LbzPo0e2uPAAAB
App 3215838 output: Realtime client connected: WKqTarACksVunOXqAAAD
App 3264107 output: MySQL Connected: localhost/rnbmanag_demokopiniskala
App 3264107 output: POS Server is listening on port 8000
App 3264107 output: Realtime client connected: 1Ca4V3cb_HasSUkMAAAB
App 3264107 output: Realtime client disconnected: 1Ca4V3cb_HasSUkMAAAB
App 3264107 output: Realtime client connected: T9Z_O634qqDJ2_heAAAD
App 3215838 output: Realtime client disconnected: WKqTarACksVunOXqAAAD
App 3264107 output: Realtime client connected: cTfRJHqO0ziXI13bAAAF
App 3264107 output: Realtime client connected: XWcWLXSuSlILUGQgAAAH
App 3264107 output: Realtime client disconnected: cTfRJHqO0ziXI13bAAAF
App 3264107 output: Realtime client connected: bpbv-Q_yuN9VJBwMAAAJ
App 3264107 output: Realtime client disconnected: XWcWLXSuSlILUGQgAAAH
App 3264107 output: Realtime client disconnected: bpbv-Q_yuN9VJBwMAAAJ
App 3264107 output: Realtime client disconnected: T9Z_O634qqDJ2_heAAAD
App 3264107 output: Realtime client connected: eJ9mIO2yMk1klwU7AAAL
App 3264107 output: Realtime client connected: auycjoAG4wVtvVm-AAAN
App 3370323 output: MySQL Connected: localhost/rnbmanag_demokopiniskala
App 3370323 output: POS Server is listening on port 8000
App 3370323 output: Realtime client connected: lReljublZlSD7J5tAAAB
App 3370323 output: Realtime client disconnected: lReljublZlSD7J5tAAAB
App 3370323 output: Realtime client connected: mgURQFKO2SnTQ_ehAAAD
App 3440368 output: MySQL Connected: localhost/rnbmanag_demokopiniskala
App 3440368 output: POS Server is listening on port 8000
App 3440368 output: Realtime client connected: QYuOqCAKZjNbBhyMAAAB
App 3440368 output: Realtime client disconnected: QYuOqCAKZjNbBhyMAAAB
App 3440368 output: Realtime client connected: Xq5tungUwnEwObfYAAAD
App 3450208 output: MySQL Connected: localhost/rnbmanag_demokopiniskala
App 3450208 output: POS Server is listening on port 8000
App 3450208 output: Realtime client connected: EK4fnpXpeui-DVAcAAAB
App 3450208 output: Realtime client disconnected: EK4fnpXpeui-DVAcAAAB
App 3450208 output: Realtime client connected: sGgEWmfDhU2Cv9A6AAAD
App 3591146 output: MySQL Connected: localhost/rnbmanag_demokopiniskala
App 3591146 output: POS Server is listening on port 8000
App 3591146 output: Realtime client connected: EW6FhR8Rhd97TmN5AAAB
App 3591146 output: Realtime client connected: K0zuAZAv5naq9AGkAAAD
App 3591146 output: Realtime client disconnected: EW6FhR8Rhd97TmN5AAAB
App 3591146 output: Realtime client disconnected: K0zuAZAv5naq9AGkAAAD
App 3591146 output: Realtime client connected: sF-yzZ72uBnaR6EfAAAF
App 3591146 output: Realtime client connected: 9IoZILNNWwFjORE4AAAH
App 3591146 output: Realtime client disconnected: 9IoZILNNWwFjORE4AAAH
App 3591146 output: Realtime client connected: wQoskoZvwcZ77DkMAAAJ
App 3591146 output: Realtime client disconnected: wQoskoZvwcZ77DkMAAAJ
App 3591146 output: Realtime client connected: Omga9118v2RqD-sGAAAL
App 3591146 output: Realtime client disconnected: Omga9118v2RqD-sGAAAL
App 3591146 output: Realtime client connected: _uKsJKqUm1gGmgwhAAAN
App 3591146 output: Realtime client disconnected: sF-yzZ72uBnaR6EfAAAF
App 3591146 output: Realtime client connected: cKx_KobJ7C--ioyUAAAP
App 3591146 output: Realtime client connected: oDD9kOclVJGszdhmAAAR
App 3591146 output: Realtime client disconnected: cKx_KobJ7C--ioyUAAAP
App 3591146 output: Realtime client disconnected: oDD9kOclVJGszdhmAAAR
App 3591146 output: Realtime client disconnected: _uKsJKqUm1gGmgwhAAAN
App 3591146 output: Realtime client connected: HOzaqTh3Lpwmv5AKAAAT
App 3591146 output: Realtime client connected: mLutD3_GBj1AayiqAAAV
App 3591146 output: Realtime client connected: 6FileeVuOoWNMQxGAAAX
App 3591146 output: Realtime client disconnected: mLutD3_GBj1AayiqAAAV
App 3591146 output: Realtime client disconnected: 6FileeVuOoWNMQxGAAAX
App 3591146 output: Realtime client connected: STZKeXr5BPTJkPmQAAAZ
App 3591146 output: Realtime client disconnected: STZKeXr5BPTJkPmQAAAZ
App 3591146 output: Realtime client connected: OPsU_ZuzJQMzSnLcAAAb
App 3591146 output: Realtime client connected: CynhN4cd4iD5FsNvAAAd
App 3591146 output: Realtime client disconnected: HOzaqTh3Lpwmv5AKAAAT
App 3591146 output: Realtime client connected: 2CktOJwOTnJXlwdcAAAf
App 3591146 output: Realtime client connected: C3kEIzu3UhKljQrGAAAh
App 3591146 output: Realtime client disconnected: CynhN4cd4iD5FsNvAAAd
App 3591146 output: Realtime client connected: yT086MU2v_57AX_GAAAj
App 3591146 output: Realtime client disconnected: OPsU_ZuzJQMzSnLcAAAb
App 3591146 output: Realtime client disconnected: C3kEIzu3UhKljQrGAAAh
App 3591146 output: Realtime client connected: eKNOJb1nC9fwSVc9AAAm
App 3591146 output: Realtime client disconnected: 2CktOJwOTnJXlwdcAAAf
App 3591146 output: Realtime client connected: V0u3y8oyhP44o8H6AAAo
App 3591146 output: Realtime client disconnected: V0u3y8oyhP44o8H6AAAo
App 3591146 output: Realtime client connected: WtmRzLTYkQsMgyyrAAAq
App 3849542 output: MySQL Connected: localhost/rnbmanag_demokopiniskala
App 3849542 output: POS Server is listening on port 8000
App 3849542 output: Realtime client connected: Q14VnoiclevFyKvKAAAB
App 3849542 output: Realtime client connected: r2W8BW0hQ9eAzz0EAAAD
App 3849542 output: Realtime client connected: 5gNLPkls0Im63rMcAAAF
App 3849542 output: Realtime client connected: 4Ao-ZtUE5Va3IwBqAAAH
App 3849542 output: Realtime client connected: NGMHshTmdfgadAMUAAAJ
App 3849542 output: Realtime client connected: peuAHEehpPhxAM1KAAAL
App 3849542 output: Realtime client connected: f7G8qHUs5xwYjRXWAAAN
App 3849542 output: Realtime client connected: H4Gt13F8NKkGVA7jAAAP
App 3849542 output: Realtime client connected: 17FH0vfOsBXJuWRMAAAR
App 3849542 output: Realtime client disconnected: r2W8BW0hQ9eAzz0EAAAD
App 3849542 output: Realtime client disconnected: 4Ao-ZtUE5Va3IwBqAAAH
App 3849542 output: Realtime client disconnected: NGMHshTmdfgadAMUAAAJ
App 3849542 output: Realtime client disconnected: peuAHEehpPhxAM1KAAAL
App 3849542 output: Realtime client disconnected: Q14VnoiclevFyKvKAAAB
App 3849542 output: Realtime client connected: 7t5EOmg6VJJwswjkAAAT
App 3849542 output: Realtime client disconnected: f7G8qHUs5xwYjRXWAAAN
App 3849542 output: Realtime client connected: 85qN3z4QW2z5fuZHAAAV
App 3849542 output: Realtime client disconnected: 5gNLPkls0Im63rMcAAAF
App 3849542 output: Realtime client connected: mp7tBZfpqs9tt45GAAAX
App 3849542 output: Realtime client disconnected: H4Gt13F8NKkGVA7jAAAP
App 3849542 output: Realtime client disconnected: 17FH0vfOsBXJuWRMAAAR
App 3849542 output: Realtime client disconnected: mp7tBZfpqs9tt45GAAAX
App 3849542 output: Realtime client connected: 3Bq4OUM6PPH_1F2hAAAZ
App 3849542 output: Realtime client disconnected: 3Bq4OUM6PPH_1F2hAAAZ
App 3849542 output: Realtime client connected: qHSSjgIViaz4cEkMAAAb
App 3849542 output: Realtime client disconnected: qHSSjgIViaz4cEkMAAAb
App 3849542 output: Realtime client connected: 96RTVAw0FZ1rm-ZLAAAd
App 3849542 output: Realtime client disconnected: 96RTVAw0FZ1rm-ZLAAAd
App 3849542 output: Realtime client disconnected: 85qN3z4QW2z5fuZHAAAV
App 3849542 output: Realtime client connected: OwoCiQTyDZ7ke9e2AAAf
App 3849542 output: Realtime client connected: MvhByAFuRu4KFr0NAAAh
App 3849542 output: Realtime client disconnected: 7t5EOmg6VJJwswjkAAAT
App 3849542 output: Realtime client disconnected: MvhByAFuRu4KFr0NAAAh
App 3849542 output: Realtime client connected: O4ohfLc_4S2Z0xyDAAAj
App 3849542 output: Realtime client disconnected: OwoCiQTyDZ7ke9e2AAAf
App 3849542 output: Realtime client connected: U92G2vmIGTjkUdbHAAAl
App 3849542 output: Realtime client disconnected: U92G2vmIGTjkUdbHAAAl
App 3849542 output: Realtime client disconnected: O4ohfLc_4S2Z0xyDAAAj
App 3966273 output: MySQL Connected: localhost/rnbmanag_demokopiniskala
App 3966273 output: POS Server is listening on port 8000
App 3966273 output: Realtime client connected: ylFzyy20uPxcK612AAAC
App 3966273 output: Realtime client connected: 33IzX88-aM8g50cDAAAE
App 3966273 output: Realtime client connected: V9uLzAdqoGkCmcXYAAAG
App 3966273 output: Realtime client connected: ZG6MU7yBglw9UVzMAAAJ
App 3966273 output: Realtime client disconnected: ZG6MU7yBglw9UVzMAAAJ
App 3966273 output: Realtime client connected: LvJ6wPXVlZwR3nQpAAAL
App 3966273 output: Realtime client connected: vC3D0-GYRwERbuL_AAAN
App 3966273 output: Realtime client connected: -ihjyt7Lgyb1DVLmAAAP
App 3966273 output: Realtime client connected: _Sy0K2Z7M9fIAvK9AAAR
App 3966273 output: Realtime client connected: j7tT6qLr-g2cRHR1AAAT
App 3966273 output: Realtime client disconnected: j7tT6qLr-g2cRHR1AAAT
App 3966273 output: Realtime client connected: QFBOP8TFnIQwZPSVAAAV
App 3966273 output: Realtime client disconnected: ylFzyy20uPxcK612AAAC
App 3966273 output: Realtime client disconnected: 33IzX88-aM8g50cDAAAE
App 3966273 output: Realtime client disconnected: V9uLzAdqoGkCmcXYAAAG
App 3966273 output: Realtime client disconnected: vC3D0-GYRwERbuL_AAAN
App 3966273 output: Realtime client disconnected: -ihjyt7Lgyb1DVLmAAAP
App 3966273 output: Realtime client disconnected: _Sy0K2Z7M9fIAvK9AAAR
App 3966273 output: Realtime client disconnected: LvJ6wPXVlZwR3nQpAAAL
App 3966273 output: Realtime client connected: hKXZWh5pFjtqRQWhAAAX
App 3966273 output: Realtime client connected: Mm6uIaOmkFmim58WAAAZ
App 3966273 output: Realtime client disconnected: hKXZWh5pFjtqRQWhAAAX
App 3966273 output: Realtime client disconnected: QFBOP8TFnIQwZPSVAAAV
App 4012269 output: MySQL Connected: localhost/rnbmanag_demokopiniskala
App 4012269 output: POS Server is listening on port 8000
App 4012269 output: Realtime client connected: oRqPl_YiN3I1QyCCAAAB
App 4012269 output: Realtime client disconnected: oRqPl_YiN3I1QyCCAAAB
App 4012269 output: Realtime client connected: 9xPhHxDNmSIqvSWeAAAD
App 3966273 output: Realtime client disconnected: Mm6uIaOmkFmim58WAAAZ
App 4012269 output: Realtime client connected: Lz8pNZhLu-6N7afqAAAF
App 4012269 output: Realtime client disconnected: Lz8pNZhLu-6N7afqAAAF
App 4012269 output: Realtime client connected: yRCK_9DQjUBkScARAAAH
App 4012269 output: Realtime client disconnected: yRCK_9DQjUBkScARAAAH
App 4012269 output: Realtime client connected: KcjX3U7dRk5kZAIQAAAJ
App 4012269 output: Realtime client disconnected: KcjX3U7dRk5kZAIQAAAJ
App 4012269 output: Realtime client connected: kG79vjdXcHmbzQvEAAAL
App 4012269 output: Realtime client disconnected: kG79vjdXcHmbzQvEAAAL
App 4012269 output: Realtime client connected: wt5Zml6TuCsYlMl8AAAN
App 4012269 output: Realtime client disconnected: 9xPhHxDNmSIqvSWeAAAD
App 4012269 output: Realtime client connected: mz1EkpDFTprwKZBaAAAP
App 4012269 output: Realtime client disconnected: wt5Zml6TuCsYlMl8AAAN
App 4012269 output: Realtime client disconnected: mz1EkpDFTprwKZBaAAAP
App 4012269 output: Realtime client connected: y8xaBr4mRz9eUriHAAAR
App 4012269 output: Realtime client connected: HN0hjb-BWjC_eBhqAAAT
App 4012269 output: Realtime client connected: giaGJsS_Abh2ipsPAAAV
App 4012269 output: Realtime client connected: mfPX0iIewSmolgl-AAAX
App 4012269 output: Realtime client disconnected: mfPX0iIewSmolgl-AAAX
App 4012269 output: Realtime client disconnected: HN0hjb-BWjC_eBhqAAAT
App 4012269 output: Realtime client disconnected: giaGJsS_Abh2ipsPAAAV
App 4012269 output: Realtime client disconnected: y8xaBr4mRz9eUriHAAAR
App 636353 output: MySQL Connected: localhost/rnbmanag_demokopiniskala
App 636353 output: POS Server is listening on port 8000
App 636353 output: Realtime client connected: nek2L5eRlgGebaEuAAAB
App 636353 output: Realtime client connected: yWuQBOx0K1Wb1HtmAAAD
App 636353 output: Realtime client disconnected: nek2L5eRlgGebaEuAAAB
App 636353 output: Realtime client disconnected: yWuQBOx0K1Wb1HtmAAAD
App 1286847 output: MySQL Connected: localhost/rnbmanag_demokopiniskala
App 1286847 output: POS Server is listening on port 8000
App 1286847 output: Realtime client connected: 95S-rmTebhA8vSgEAAAC
App 1286847 output: Realtime client disconnected: 95S-rmTebhA8vSgEAAAC
App 1286847 output: Realtime client connected: gObAYB7MCGQCAz7OAAAE
App 1286847 output: Realtime client disconnected: gObAYB7MCGQCAz7OAAAE
App 1286847 output: Realtime client connected: v119RJC4urcuOjlzAAAG
App 1286847 output: Realtime client disconnected: v119RJC4urcuOjlzAAAG
App 1729905 output: MySQL Connected: localhost/rnbmanag_demokopiniskala
App 1729905 output: POS Server is listening on port 8000
App 1729905 output: Realtime client connected: vXdsM3-OAASZ7s0mAAAC
App 1729905 output: Realtime client disconnected: vXdsM3-OAASZ7s0mAAAC
App 1729905 output: Realtime client connected: JPHDVWP34i-yNW7bAAAE
App 1729905 output: Realtime client disconnected: JPHDVWP34i-yNW7bAAAE
App 1729905 output: Realtime client connected: pju-6g1TGDad-ic_AAAG
App 1729905 output: Realtime client disconnected: pju-6g1TGDad-ic_AAAG
App 1729905 output: Realtime client connected: CBhZSSRgfZIUSN_cAAAI
App 1729905 output: Realtime client disconnected: CBhZSSRgfZIUSN_cAAAI
App 1729905 output: Realtime client connected: zCvy0_aTxSFHG3S8AAAK
App 1729905 output: Realtime client disconnected: zCvy0_aTxSFHG3S8AAAK
App 1729905 output: Realtime client connected: zFPHnATdkP0nPr9MAAAM
App 1729905 output: Realtime client disconnected: zFPHnATdkP0nPr9MAAAM
App 1729905 output: Realtime client connected: iDttjpoIvYaiBjq7AAAO
App 1729905 output: Realtime client disconnected: iDttjpoIvYaiBjq7AAAO
App 1729905 output: Realtime client connected: E0MeFCiBJ7fbuqMKAAAQ
App 1729905 output: Realtime client disconnected: E0MeFCiBJ7fbuqMKAAAQ
App 2335637 output: MySQL Connected: localhost/rnbmanag_demokopiniskala
App 2335637 output: POS Server is listening on port 8000
App 2335637 output: Realtime client connected: tFU6Yp6I-aLGlw4NAAAB
App 2335637 output: Realtime client disconnected: tFU6Yp6I-aLGlw4NAAAB
App 2335637 output: Realtime client connected: QV4C-U9u4jL4BT5JAAAD
App 2335637 output: Realtime client connected: aViz8fkMY5eDvWMhAAAF
App 2335637 output: Realtime client disconnected: QV4C-U9u4jL4BT5JAAAD
App 2335637 output: Realtime client disconnected: aViz8fkMY5eDvWMhAAAF
App 2335637 output: Realtime client connected: J3Fsq9rQNVBcbhMxAAAH
App 2335637 output: Realtime client disconnected: J3Fsq9rQNVBcbhMxAAAH
App 2335637 output: Realtime client connected: bMjFlw5_FQYIBrkWAAAJ
App 2335637 output: Realtime client disconnected: bMjFlw5_FQYIBrkWAAAJ
App 2335637 output: Realtime client connected: whitV7l1GTZ6r47qAAAL
App 2335637 output: Realtime client disconnected: whitV7l1GTZ6r47qAAAL
App 2335637 output: Realtime client connected: 6pKDpH9PHUxJt2AAAAAN
App 2335637 output: Realtime client disconnected: 6pKDpH9PHUxJt2AAAAAN
App 2335637 output: Realtime client connected: ZWlmsgSnxhu7nt4sAAAP
App 2335637 output: Realtime client disconnected: ZWlmsgSnxhu7nt4sAAAP
App 2335637 output: Realtime client connected: 2wyZv5LV9jvG-gafAAAR
App 2403544 output: MySQL Connected: localhost/rnbmanag_demokopiniskala
App 2403544 output: POS Server is listening on port 8000
App 2403544 output: Realtime client connected: ydhn4o43BPsZHabAAAAB
App 2403544 output: Realtime client connected: K4MgiR5Lt2VZTRt1AAAD
App 2403544 output: Realtime client disconnected: K4MgiR5Lt2VZTRt1AAAD
App 2403544 output: Realtime client disconnected: ydhn4o43BPsZHabAAAAB
App 2403544 output: Realtime client connected: 8mf2-JsE4p-uVaqaAAAF
App 2403544 output: Realtime client connected: xFX4zvC2ILSMHnDUAAAH
App 2403544 output: Realtime client disconnected: 8mf2-JsE4p-uVaqaAAAF
App 2403544 output: Realtime client disconnected: xFX4zvC2ILSMHnDUAAAH
App 2590695 output: MySQL Connected: localhost/rnbmanag_demokopiniskala
App 2590695 output: POS Server is listening on port 8000
App 3325699 output: MySQL Connected: localhost/rnbmanag_demokopiniskala
App 3325699 output: POS Server is listening on port 8000
App 3325699 output: Realtime client connected: 0I-UByFRr7SuFQzkAAAB
App 3325699 output: Realtime client disconnected: 0I-UByFRr7SuFQzkAAAB
App 3325699 output: Realtime client connected: l1a2-Bwx5GcaG2xPAAAD
App 3325699 output: Realtime client disconnected: l1a2-Bwx5GcaG2xPAAAD
App 3325699 output: Realtime client connected: YiFp2ffauKeX5-k5AAAF
App 3643057 output: MySQL Connected: localhost/rnbmanag_demokopiniskala
App 3643057 output: POS Server is listening on port 8000
App 3643057 output: Realtime client connected: ERVMl4mQ4Yh4gLZkAAAB
App 3751092 output: MySQL Connected: localhost/rnbmanag_demokopiniskala
App 3751092 output: POS Server is listening on port 8000
App 3751092 output: Realtime client connected: N9ngayytwG87B1W3AAAB
App 3751092 output: Realtime client disconnected: N9ngayytwG87B1W3AAAB
App 3751092 output: Realtime client connected: ZR5vlSaDh4eaSnr2AAAD
App 3757359 output: MySQL Connected: localhost/rnbmanag_demokopiniskala
App 3757359 output: POS Server is listening on port 8000
App 3757359 output: Realtime client connected: iOTKq7IK7pZN2SlxAAAB
App 3808556 output: MySQL Connected: localhost/rnbmanag_demokopiniskala
App 3808556 output: POS Server is listening on port 8000
App 3808556 output: Realtime client connected: y7cC0YGFKgQy46STAAAB
App 3808556 output: Realtime client disconnected: y7cC0YGFKgQy46STAAAB
App 3808556 output: Realtime client connected: a-efiMW_A110_QRuAAAD
App 3831802 output: MySQL Connected: localhost/rnbmanag_demokopiniskala
App 3831802 output: POS Server is listening on port 8000
App 3833562 output: MySQL Connected: localhost/rnbmanag_demokopiniskala
App 3833562 output: POS Server is listening on port 8000
App 3833562 output: Realtime client connected: DXGyTF6FqBlHb9dBAAAB
App 3837452 output: MySQL Connected: localhost/rnbmanag_demokopiniskala
App 3837452 output: POS Server is listening on port 8000
App 3837452 output: Realtime client connected: uj9BYovAkLGary2mAAAB
App 3843239 output: MySQL Connected: localhost/rnbmanag_demokopiniskala
App 3843239 output: POS Server is listening on port 8000
App 3843239 output: Realtime client connected: o02GKgg1Uu65C9_fAAAB
App 3902440 output: MySQL Connected: localhost/rnbmanag_demokopiniskala
App 3902440 output: POS Server is listening on port 8000
App 3902440 output: Realtime client connected: 3M2HKNTMuOBcec9uAAAB
App 3902440 output: Realtime client disconnected: 3M2HKNTMuOBcec9uAAAB
App 3902440 output: Realtime client connected: 7CNIEDy8YdlQR4fXAAAD
App 3917378 output: MySQL Connected: localhost/rnbmanag_demokopiniskala
App 3917378 output: POS Server is listening on port 8000
App 3917378 output: Realtime client connected: gmWA5oIx8oYOVsYEAAAB
App 3934615 output: MySQL Connected: localhost/rnbmanag_demokopiniskala
App 3934615 output: POS Server is listening on port 8000
App 3934615 output: Realtime client connected: HVtlzWl-sdHtbWHlAAAB
App 3986080 output: MySQL Connected: localhost/rnbmanag_demokopiniskala
App 3986080 output: POS Server is listening on port 8000
App 3986080 output: Realtime client connected: MPuzkA1nuofVEIzhAAAB
App 3986080 output: Realtime client disconnected: MPuzkA1nuofVEIzhAAAB
App 3986080 output: Realtime client connected: FQMv4leCOZ77K-QTAAAD
App 3986080 output: Realtime client disconnected: FQMv4leCOZ77K-QTAAAD
App 3986080 output: Realtime client connected: Mg26LWoz36bRLATkAAAF
App 147237 output: MySQL Connected: localhost/rnbmanag_demokopiniskala
App 147237 output: POS Server is listening on port 8000
App 147237 output: Realtime client connected: -z9l1IZf14Y4kYXzAAAB
App 147237 output: Realtime client disconnected: -z9l1IZf14Y4kYXzAAAB
App 147237 output: Realtime client connected: hAzGNTF8mO_-bZ5QAAAD
App 191212 output: MySQL Connected: localhost/rnbmanag_demokopiniskala
App 191212 output: POS Server is listening on port 8000
App 191212 output: Realtime client connected: HnQ7c9WCzqOxhlcMAAAB
App 191212 output: Realtime client disconnected: HnQ7c9WCzqOxhlcMAAAB
App 191212 output: Realtime client connected: GXR6Or0xxsBV44rXAAAD
App 345395 output: MySQL Connected: localhost/rnbmanag_demokopiniskala
App 345395 output: POS Server is listening on port 8000
App 345395 output: Realtime client connected: iAaKu0RGO-3i74pXAAAB
App 667046 output: MySQL Connected: localhost/rnbmanag_demokopiniskala
App 667046 output: POS Server is listening on port 8000
App 667046 output: Realtime client connected: 00qVQwMprY8o5hGHAAAB
App 667046 output: Realtime client disconnected: 00qVQwMprY8o5hGHAAAB
App 667046 output: Realtime client connected: Adjh7Ua7L4d53ia-AAAD
App 667046 output: Realtime client disconnected: Adjh7Ua7L4d53ia-AAAD
App 667046 output: Realtime client connected: wzyB4TVY6O4SOYNWAAAF
App 1331113 output: MySQL Connected: localhost/rnbmanag_demokopiniskala
App 1331113 output: POS Server is listening on port 8000
App 1331113 output: Realtime client connected: qlehX5agW5-bMOXzAAAB
App 1331113 output: Realtime client disconnected: qlehX5agW5-bMOXzAAAB
App 1331113 output: Realtime client connected: OF4vt6yGHPTra5EeAAAD
App 1331113 output: Realtime client disconnected: OF4vt6yGHPTra5EeAAAD
App 1331113 output: Realtime client connected: ObWZgYWICJPL0wCAAAAF
App 1331113 output: Realtime client disconnected: ObWZgYWICJPL0wCAAAAF
App 1331113 output: Realtime client connected: uzRIXHNS-Ho6ZXI-AAAH
App 1331113 output: Realtime client disconnected: uzRIXHNS-Ho6ZXI-AAAH
App 1331113 output: Realtime client connected: 2ePjlRztT9uF9PPzAAAJ
App 2265726 output: MySQL Connected: localhost/rnbmanag_demokopiniskala
App 2265726 output: POS Server is listening on port 8000
App 2265726 output: Realtime client connected: 3_aIahC-hACWGEMtAAAB
App 2265726 output: Realtime client disconnected: 3_aIahC-hACWGEMtAAAB
App 2265726 output: Realtime client connected: 08tOfmvfPADS2bzAAAAD
App 2265726 output: Realtime client disconnected: 08tOfmvfPADS2bzAAAAD
App 2265726 output: Realtime client connected: uZMcLk1aU1vP5mNsAAAF
App 2516692 output: MySQL Connected: localhost/rnbmanag_demokopiniskala
App 2516692 output: POS Server is listening on port 8000
App 2516692 output: Realtime client connected: FUTkqe5-tNNgDb86AAAB
App 2516692 output: Realtime client disconnected: FUTkqe5-tNNgDb86AAAB
App 2516692 output: Realtime client connected: c6zoyBYXLg9yamS_AAAD
App 2516692 output: Realtime client disconnected: c6zoyBYXLg9yamS_AAAD
App 2516692 output: Realtime client connected: V35yUvOfRhquZ5w8AAAF
App 2516692 output: Realtime client disconnected: V35yUvOfRhquZ5w8AAAF
App 2516692 output: Realtime client connected: RqWoxCYE2-Qp2402AAAH
App 2516692 output: Realtime client disconnected: RqWoxCYE2-Qp2402AAAH
App 2516692 output: Realtime client connected: W49rBeqfLLpElmSCAAAJ
App 2516692 output: Realtime client disconnected: W49rBeqfLLpElmSCAAAJ
App 2516692 output: Realtime client connected: 4SLL6uyRxGJ5aB3iAAAL
App 2516692 output: Realtime client disconnected: 4SLL6uyRxGJ5aB3iAAAL
App 2516692 output: Realtime client connected: 7_82XAsjbYhsUcqJAAAN
App 2516692 output: Realtime client disconnected: 7_82XAsjbYhsUcqJAAAN
App 2516692 output: Realtime client connected: UegtxwPGb22-ipopAAAP
App 2516692 output: Realtime client disconnected: UegtxwPGb22-ipopAAAP
App 2516692 output: Realtime client connected: pXkcWteLTt7HPVHbAAAR
App 2516692 output: Realtime client disconnected: pXkcWteLTt7HPVHbAAAR
App 2516692 output: Realtime client connected: 2zCNB1i-VBBwQmirAAAT
App 2516692 output: Realtime client connected: Ebj6_CneoRYiobKwAAAV
App 2516692 output: Realtime client disconnected: Ebj6_CneoRYiobKwAAAV
App 2516692 output: Realtime client connected: Ahzl7rQhY-d4-EIKAAAX
App 2516692 output: Realtime client disconnected: Ahzl7rQhY-d4-EIKAAAX
App 2516692 output: Realtime client disconnected: 2zCNB1i-VBBwQmirAAAT
App 2516692 output: Realtime client connected: 5ASl9cwI313wxV89AAAZ
App 2516692 output: Realtime client disconnected: 5ASl9cwI313wxV89AAAZ
App 1142775 output: MySQL Connected: localhost/rnbmanag_demokopiniskala
App 1142775 output: POS Server is listening on port 8000
App 1142775 output: Realtime client connected: 0SjEOJSnsSQ281QqAAAB
App 1142775 output: Realtime client disconnected: 0SjEOJSnsSQ281QqAAAB
App 1142775 output: Realtime client connected: Iu_McaL4GVyGLs6UAAAD
App 1142775 output: Realtime client disconnected: Iu_McaL4GVyGLs6UAAAD
App 1142775 output: Realtime client connected: f7_pI9qNxWqXiwZHAAAF
App 1142775 output: Realtime client connected: imTM2sfiGZOrTJ6hAAAH
App 1142775 output: Realtime client disconnected: imTM2sfiGZOrTJ6hAAAH
App 1142775 output: Realtime client connected: 3f5BJqFuTH7NMbilAAAJ
App 1142775 output: Realtime client disconnected: f7_pI9qNxWqXiwZHAAAF
App 1142775 output: Realtime client connected: vPXK2UUSIfJ8lf3aAAAL
App 1142775 output: Realtime client connected: YX9JaPsfhlsx09YxAAAN
App 1142775 output: Realtime client disconnected: 3f5BJqFuTH7NMbilAAAJ
App 1375469 output: MySQL Connected: localhost/rnbmanag_demokopiniskala
App 1375469 output: POS Server is listening on port 8000
App 1375469 output: Realtime client connected: rTPhJIEU9w6BURZoAAAB
App 1375469 output: Realtime client connected: JVSCvpt3FVTDI8BSAAAD
App 1375469 output: Realtime client disconnected: rTPhJIEU9w6BURZoAAAB
App 1375469 output: Realtime client connected: D3ZBFhYTaUEC_V4mAAAF
App 1375469 output: Realtime client disconnected: D3ZBFhYTaUEC_V4mAAAF
App 1375469 output: Realtime client connected: vKCKJ-Zf9WkljkCLAAAH
App 1375469 output: Realtime client disconnected: vKCKJ-Zf9WkljkCLAAAH
App 1375469 output: Realtime client connected: kIg8aXli5rKDf0gCAAAJ
App 1375469 output: Realtime client disconnected: kIg8aXli5rKDf0gCAAAJ
App 1375469 output: Realtime client connected: MaoRfB_QNOZ_-hU3AAAL
App 1375469 output: Realtime client disconnected: MaoRfB_QNOZ_-hU3AAAL
App 1375469 output: Realtime client connected: Ft10mcvaLCBwV0aQAAAN
App 1375469 output: Realtime client disconnected: Ft10mcvaLCBwV0aQAAAN
App 1375469 output: Realtime client disconnected: JVSCvpt3FVTDI8BSAAAD
App 1375469 output: Realtime client connected: cZQUE5lKHgRqpe8OAAAP
App 1638524 output: MySQL Connected: localhost/rnbmanag_demokopiniskala
App 1638524 output: POS Server is listening on port 8000
App 1638524 output: Realtime client connected: Lppe24h27c9VGZy7AAAB
App 1638524 output: Realtime client disconnected: Lppe24h27c9VGZy7AAAB
App 1638524 output: Realtime client connected: 0r2Iby_EOxe7N4NLAAAD
App 1638524 output: Realtime client connected: vwLY4UvLECVEn1heAAAF
App 1638524 output: Realtime client connected: iBUIW4YaSXXPYtxaAAAH
App 1638524 output: Realtime client disconnected: vwLY4UvLECVEn1heAAAF
App 1638524 output: Realtime client disconnected: iBUIW4YaSXXPYtxaAAAH
App 1638524 output: Realtime client connected: 0xVQbQIuR7wkzdNsAAAJ
App 1638524 output: Realtime client connected: ukXA_vs0JTUamvs_AAAL
App 1638524 output: Realtime client disconnected: 0xVQbQIuR7wkzdNsAAAJ
App 1638524 output: Realtime client disconnected: ukXA_vs0JTUamvs_AAAL
App 1638524 output: Realtime client disconnected: 0r2Iby_EOxe7N4NLAAAD
App 1638524 output: Realtime client connected: QRQh-Er2T3HMOrD6AAAN
App 1638524 output: Realtime client disconnected: QRQh-Er2T3HMOrD6AAAN
App 1638524 output: Realtime client connected: QYXoUvhyh3KAl_f0AAAP
App 1638524 output: Realtime client connected: CGc_mJCK1wkWV_6uAAAR
App 1638524 output: Realtime client disconnected: CGc_mJCK1wkWV_6uAAAR
App 2017586 output: MySQL Connected: localhost/rnbmanag_demokopiniskala
App 2017586 output: POS Server is listening on port 8000
App 2017586 output: Realtime client connected: 8qAGzs5m0JDRuvfLAAAB
App 2017586 output: Realtime client disconnected: 8qAGzs5m0JDRuvfLAAAB
App 2017586 output: Realtime client connected: 2dAAlD5MMY7hazY7AAAD
App 2017586 output: Realtime client connected: lpr_idOoCkR3szbeAAAF
App 2017586 output: Realtime client disconnected: lpr_idOoCkR3szbeAAAF
App 2017586 output: Realtime client connected: dd_I3FMYGRVm3VguAAAH
App 2017586 output: Realtime client disconnected: dd_I3FMYGRVm3VguAAAH
App 2017586 output: Realtime client disconnected: 2dAAlD5MMY7hazY7AAAD
App 2017586 output: Realtime client connected: hW8pw6C4q-zqTqiEAAAJ
App 2162486 output: MySQL Connected: localhost/rnbmanag_demokopiniskala
App 2162486 output: POS Server is listening on port 8000
App 2162486 output: Realtime client connected: cJ9AINimZjRgwdOBAAAB
App 2162486 output: Realtime client disconnected: cJ9AINimZjRgwdOBAAAB
App 2162486 output: Realtime client connected: gPy7yqTquymCx2WTAAAD
App 2256663 output: MySQL Connected: localhost/rnbmanag_demokopiniskala
App 2256663 output: POS Server is listening on port 8000
App 2256663 output: Realtime client connected: xjnJDYDUtRqrNZYIAAAB
App 2256663 output: Realtime client disconnected: xjnJDYDUtRqrNZYIAAAB
App 2256663 output: Realtime client connected: Vyy-SoESZC05WhsOAAAD
App 2256663 output: Realtime client disconnected: Vyy-SoESZC05WhsOAAAD
App 2256663 output: Realtime client connected: j7EA6pRET-9LpjNIAAAF
App 2438692 output: MySQL Connected: localhost/rnbmanag_demokopiniskala
App 2438692 output: POS Server is listening on port 8000
App 2438692 output: Realtime client connected: 5CmzJHbyzFGmmNNZAAAB
App 2438692 output: Realtime client connected: GBtbFtdV1gbjSIEmAAAD
App 2438692 output: Realtime client disconnected: GBtbFtdV1gbjSIEmAAAD
App 2438692 output: Realtime client connected: lYe0uLo_9ODxHsnRAAAF
App 2438692 output: Realtime client disconnected: 5CmzJHbyzFGmmNNZAAAB
App 2438692 output: Realtime client disconnected: lYe0uLo_9ODxHsnRAAAF
App 2438692 output: Realtime client connected: RFVugNP_wWj4iQsEAAAH
App 2438692 output: Realtime client connected: 2XfMB78dhZrhdNiCAAAJ
App 2438692 output: Realtime client disconnected: 2XfMB78dhZrhdNiCAAAJ
App 2438692 output: Realtime client connected: 7KzJOAdMDYvPf7XwAAAL
App 2438692 output: Realtime client disconnected: RFVugNP_wWj4iQsEAAAH
App 2714371 output: MySQL Connected: localhost/rnbmanag_demokopiniskala
App 2714371 output: POS Server is listening on port 8000
App 2715630 output: MySQL Connected: localhost/rnbmanag_demokopiniskala
App 2715630 output: POS Server is listening on port 8000
App 2715630 output: Realtime client connected: xb-_sPP4GIq5xN3FAAAC
App 2715630 output: Realtime client disconnected: xb-_sPP4GIq5xN3FAAAC
App 2715630 output: Realtime client connected: X-ccnwVwrAdFg4lRAAAE
App 2715630 output: Realtime client connected: dJXHgEKKpZ3Blv3oAAAG
App 2876126 output: MySQL Connected: localhost/rnbmanag_demokopiniskala
App 2876126 output: POS Server is listening on port 8000
App 2876126 output: Realtime client connected: gPCo7XUoW_dY-VtoAAAB
App 2876126 output: Realtime client connected: CerRy0sqH-VGjPUxAAAD
App 2876126 output: Realtime client disconnected: CerRy0sqH-VGjPUxAAAD
App 2876126 output: Realtime client connected: hA7Ul_3Pm0NZb8pTAAAF
App 2876126 output: Realtime client disconnected: gPCo7XUoW_dY-VtoAAAB
App 2876126 output: Realtime client connected: tXJRai_wP-1Sb1zmAAAH
App 2876126 output: Realtime client connected: MZpmSnr40jmOibJZAAAJ
App 2876126 output: Realtime client disconnected: tXJRai_wP-1Sb1zmAAAH
App 2876126 output: Realtime client disconnected: hA7Ul_3Pm0NZb8pTAAAF
App 2876126 output: Realtime client connected: 9SnwfgExx7HAgWenAAAL
App 2876126 output: Realtime client disconnected: MZpmSnr40jmOibJZAAAJ
App 2876126 output: Realtime client connected: sqYepaoKMAnV6PD0AAAN
App 2876126 output: Realtime client disconnected: sqYepaoKMAnV6PD0AAAN
App 2876126 output: Realtime client connected: n3fRqOTEh6wq97fdAAAP
App 2876126 output: Realtime client disconnected: n3fRqOTEh6wq97fdAAAP
App 2876126 output: Realtime client connected: yiWqQRFOi6TIz8FOAAAR
App 3049052 output: MySQL Connected: localhost/rnbmanag_demokopiniskala
App 3049052 output: POS Server is listening on port 8000
App 3049052 output: Realtime client connected: p4-4ZnKOcl1OxPUkAAAB
App 3049052 output: Realtime client connected: ScL3StRPNncrC5ybAAAD
App 3049052 output: Realtime client disconnected: p4-4ZnKOcl1OxPUkAAAB
App 3049052 output: Realtime client connected: 1VzyewXZfszNnbbiAAAF
App 3049052 output: Realtime client disconnected: 1VzyewXZfszNnbbiAAAF
App 3049052 output: Realtime client disconnected: ScL3StRPNncrC5ybAAAD
App 3049052 output: Realtime client connected: 8OVZE5emIVj3KFUvAAAH
App 3049052 output: Realtime client disconnected: 8OVZE5emIVj3KFUvAAAH
App 3049052 output: Realtime client connected: kY2NyQvyO6hXi6kfAAAJ
App 3049052 output: Realtime client disconnected: kY2NyQvyO6hXi6kfAAAJ
App 3049052 output: Realtime client connected: fAEUnqGgeTKcExyzAAAL
App 3049052 output: Realtime client disconnected: fAEUnqGgeTKcExyzAAAL
App 3049052 output: Realtime client connected: K1eiqcZyPuO51cLWAAAN
App 3049052 output: Realtime client connected: iHiuG9AcUNnU4dANAAAP
App 3049052 output: Realtime client disconnected: iHiuG9AcUNnU4dANAAAP
App 3285951 output: MySQL Connected: localhost/rnbmanag_demokopiniskala
App 3285951 output: POS Server is listening on port 8000
App 3285951 output: Realtime client connected: 8ZdhlIpX54DixCI8AAAB
App 3285951 output: Realtime client disconnected: 8ZdhlIpX54DixCI8AAAB
App 3285951 output: Realtime client connected: DwubWRXFauXSwr1uAAAD
App 3285951 output: Realtime client disconnected: DwubWRXFauXSwr1uAAAD
App 3285951 output: Realtime client connected: fOpzQPqkF6o3GeEFAAAF
App 3285951 output: Realtime client disconnected: fOpzQPqkF6o3GeEFAAAF
App 3285951 output: Realtime client connected: xPIxa9ab42ikHyrEAAAH
App 3285951 output: Realtime client disconnected: xPIxa9ab42ikHyrEAAAH
App 3285951 output: Realtime client connected: eSDEQFF7pYm-YWo8AAAJ
App 3285951 output: Realtime client connected: S0AFoaEHB1YD9uDdAAAL
App 3285951 output: Realtime client disconnected: eSDEQFF7pYm-YWo8AAAJ
App 3463313 output: MySQL Connected: localhost/rnbmanag_demokopiniskala
App 3463313 output: POS Server is listening on port 8000
App 3463313 output: Realtime client connected: quFqDKb4N8B_0Og3AAAB
App 3463313 output: Realtime client disconnected: quFqDKb4N8B_0Og3AAAB
App 3463313 output: Realtime client connected: Xy9jQLnSB4gHbruJAAAD
App 3463313 output: Realtime client disconnected: Xy9jQLnSB4gHbruJAAAD
App 3463313 output: Realtime client connected: YCUENKpunHq4_75kAAAF
App 3608257 output: MySQL Connected: localhost/rnbmanag_demokopiniskala
App 3608257 output: POS Server is listening on port 8000
App 3608257 output: Realtime client connected: 0SB3CPXUWcmUXQgBAAAB
App 3608257 output: Realtime client disconnected: 0SB3CPXUWcmUXQgBAAAB
App 3608257 output: Realtime client connected: 1HZYc__SKMz3i4NSAAAD
App 3608257 output: Realtime client disconnected: 1HZYc__SKMz3i4NSAAAD
App 3608257 output: Realtime client connected: uo6OXt1HN6GIxm62AAAF
App 3670612 output: MySQL Connected: localhost/rnbmanag_demokopiniskala
App 3670612 output: POS Server is listening on port 8000
App 3670612 output: Realtime client connected: NFQTnJaGEkIK4w8SAAAB
App 3670612 output: Realtime client disconnected: NFQTnJaGEkIK4w8SAAAB
App 3670612 output: Realtime client connected: 2STk3RF9zx5NbfLOAAAD
App 3670612 output: Realtime client connected: ZvguxW5R2BAMJSeBAAAF
App 3670612 output: Realtime client disconnected: ZvguxW5R2BAMJSeBAAAF
App 3670612 output: Realtime client connected: mb2crrEWLdhIz_KrAAAH
App 3670612 output: Realtime client disconnected: mb2crrEWLdhIz_KrAAAH
App 3670612 output: Realtime client disconnected: 2STk3RF9zx5NbfLOAAAD
App 3793448 output: MySQL Connected: localhost/rnbmanag_demokopiniskala
App 3793448 output: POS Server is listening on port 8000
App 3793448 output: Realtime client connected: Inqes37pW9hA88vLAAAD
App 3793448 output: Realtime client connected: ENDoYEnFpAI1MgadAAAE
App 3793448 output: Realtime client disconnected: Inqes37pW9hA88vLAAAD
App 3793448 output: Realtime client connected: 1tdVHYKtFN9UBP8MAAAP
App 3793448 output: Realtime client disconnected: ENDoYEnFpAI1MgadAAAE
App 3793448 output: Realtime client disconnected: 1tdVHYKtFN9UBP8MAAAP
App 3858339 output: MySQL Connected: localhost/rnbmanag_demokopiniskala
App 3858339 output: POS Server is listening on port 8000
App 3913117 output: MySQL Connected: localhost/rnbmanag_demokopiniskala
App 3913117 output: POS Server is listening on port 8000
App 3989566 output: MySQL Connected: localhost/rnbmanag_demokopiniskala
App 3989566 output: POS Server is listening on port 8000
App 4013080 output: MySQL Connected: localhost/rnbmanag_demokopiniskala
App 4013080 output: POS Server is listening on port 8000
App 4095878 output: MySQL Connected: localhost/rnbmanag_demokopiniskala
App 4095878 output: POS Server is listening on port 8000
App 4096991 output: MySQL Connected: localhost/rnbmanag_demokopiniskala
App 4096991 output: POS Server is listening on port 8000
App 4126281 output: MySQL Connected: localhost/rnbmanag_demokopiniskala
App 4126281 output: POS Server is listening on port 8000
App 4126281 output: Realtime client connected: R2gn0el8LmjMe13LAAAD
App 4126281 output: Realtime client connected: Lz21GI14E2luss1_AAAF
App 4126281 output: Realtime client disconnected: Lz21GI14E2luss1_AAAF
App 4126281 output: Realtime client connected: h2lbWq1ao2X8UGO7AAAI
App 4126281 output: Realtime client connected: UmAteiZwqZ2ir8wpAAAM
App 4126281 output: Realtime client disconnected: R2gn0el8LmjMe13LAAAD
App 4126281 output: Realtime client disconnected: h2lbWq1ao2X8UGO7AAAI
App 4126281 output: Realtime client connected: -w0vWgDrQJIMZHuRAAAb
App 4126281 output: Realtime client disconnected: -w0vWgDrQJIMZHuRAAAb
App 4126281 output: Realtime client connected: 95MUIBsyv39Pm9rZAAAd
App 15885 output: MySQL Connected: localhost/rnbmanag_demokopiniskala
App 15885 output: POS Server is listening on port 8000
App 17986 output: MySQL Connected: localhost/rnbmanag_demokopiniskala
App 17986 output: POS Server is listening on port 8000
App 17986 output: Realtime client connected: uWLKSIswTC_-Ah7yAAAC
App 17986 output: Realtime client connected: nAqTEbikC9S26fueAAAD
App 17986 output: Realtime client disconnected: nAqTEbikC9S26fueAAAD
App 17986 output: Realtime client connected: 3LvHajgqo9lgDCXkAAAF
App 22494 output: MySQL Connected: localhost/rnbmanag_demokopiniskala
App 22494 output: POS Server is listening on port 8000
App 22494 output: Realtime client connected: I_zHHK_WifAGaUj4AAAB
App 22494 output: Realtime client connected: 2-OVFM9vpvuXeFr1AAAD
App 22494 output: Realtime client disconnected: 2-OVFM9vpvuXeFr1AAAD
App 22494 output: Realtime client connected: Vh4bpsxtpZnl3msGAAAF
App 54704 output: MySQL Connected: localhost/rnbmanag_demokopiniskala
App 54704 output: POS Server is listening on port 8000
App 56528 output: MySQL Connected: localhost/rnbmanag_demokopiniskala
App 56528 output: POS Server is listening on port 8000
App 56528 output: Realtime client connected: dpo4CyuF4681cfPuAAAC
App 56528 output: Realtime client connected: vmq1sqZabz9UeAWtAAAD
App 56528 output: Realtime client disconnected: vmq1sqZabz9UeAWtAAAD
App 56528 output: Realtime client connected: J2JnIeHQbuJ3Z9-2AAAF
App 78668 output: MySQL Connected: localhost/rnbmanag_demokopiniskala
App 78668 output: POS Server is listening on port 8000
App 78668 output: Realtime client connected: gFj4dShACux-UsLmAAAB
App 78668 output: Realtime client disconnected: gFj4dShACux-UsLmAAAB
App 56528 output: Realtime client disconnected: dpo4CyuF4681cfPuAAAC
App 80337 output: MySQL Connected: localhost/rnbmanag_demokopiniskala
App 80337 output: POS Server is listening on port 8000
App 80337 output: Realtime client connected: xc69VCViC89LT9yyAAAB
App 80337 output: Realtime client connected: b4rlV_qQaF7zD67oAAAD
App 80337 output: Realtime client disconnected: b4rlV_qQaF7zD67oAAAD
App 80337 output: Realtime client connected: GBhsH1e3-Qocx2i7AAAG
App 80337 output: Realtime client connected: I6tpnBieIErpw7BKAAAI
App 80337 output: Realtime client connected: WUvLHXOJ5cW17CMxAAAK
App 80337 output: Realtime client connected: RozJxF87WzZDToCGAAAM
App 80337 output: Realtime client connected: pw-e1AsbMfi0JU7WAAAO
App 80337 output: Realtime client disconnected: GBhsH1e3-Qocx2i7AAAG
App 80337 output: Realtime client connected: K8nuf_5PFXDKSZwWAAAQ
App 80337 output: Realtime client connected: mhjXKxGwWBLjxCWVAAAS
App 80337 output: Realtime client connected: UyGfRerH9U1TorNoAAAU
App 80337 output: Realtime client disconnected: xc69VCViC89LT9yyAAAB
App 80337 output: Realtime client disconnected: I6tpnBieIErpw7BKAAAI
App 80337 output: Realtime client disconnected: WUvLHXOJ5cW17CMxAAAK
App 80337 output: Realtime client disconnected: RozJxF87WzZDToCGAAAM
App 80337 output: Realtime client disconnected: pw-e1AsbMfi0JU7WAAAO
App 80337 output: Realtime client disconnected: K8nuf_5PFXDKSZwWAAAQ
App 80337 output: Realtime client disconnected: UyGfRerH9U1TorNoAAAU
App 80337 output: Realtime client connected: LFK1X7RsrUF28lRRAAAW
App 80337 output: Realtime client disconnected: mhjXKxGwWBLjxCWVAAAS
App 80337 output: Realtime client connected: n8sNPz5WmcDapE12AAAY
App 80337 output: Realtime client connected: TMpessYgpFAoYmjmAAAa
App 80337 output: Realtime client disconnected: n8sNPz5WmcDapE12AAAY
App 80337 output: Realtime client connected: _kbgDhRqOt_3uKBdAAAc
App 80337 output: Realtime client disconnected: TMpessYgpFAoYmjmAAAa
App 80337 output: Realtime client connected: c41RGPgKjUATjvYaAAAe
App 80337 output: Realtime client disconnected: c41RGPgKjUATjvYaAAAe
App 80337 output: Realtime client connected: CcsFoAP48kvsCnbaAAAg
App 80337 output: Realtime client connected: TjyrBNoyMYQAtlOJAAAi
App 80337 output: Realtime client disconnected: TjyrBNoyMYQAtlOJAAAi
App 80337 output: Realtime client connected: vLKq8bI4bawqnNKgAAAk
App 80337 output: Realtime client disconnected: CcsFoAP48kvsCnbaAAAg
App 212308 output: MySQL Connected: localhost/rnbmanag_demokopiniskala
App 212308 output: POS Server is listening on port 8000
App 212308 output: Realtime client connected: geGtQoCpVZqGI93iAAAE
App 212308 output: Realtime client connected: q5rhD00KhkEXDrvyAAAF
App 212308 output: Realtime client connected: vUbIczfNrokw-qWvAAAG
App 212308 output: Realtime client disconnected: vUbIczfNrokw-qWvAAAG
App 212308 output: Realtime client connected: 9Uf0_tBETLUnDGkIAAAI
App 212308 output: Realtime client disconnected: geGtQoCpVZqGI93iAAAE
App 212308 output: Realtime client connected: BZc10oj-WHeOsqKrAAAK
App 212308 output: Realtime client disconnected: q5rhD00KhkEXDrvyAAAF
App 212308 output: Realtime client connected: 0HOP-foFVZ3TOPYOAAAM
App 212308 output: Realtime client disconnected: 0HOP-foFVZ3TOPYOAAAM
App 212308 output: Realtime client disconnected: 9Uf0_tBETLUnDGkIAAAI
App 212308 output: Realtime client connected: KRBHs4Frh9RkMxyZAAAO
App 212308 output: Realtime client disconnected: BZc10oj-WHeOsqKrAAAK
App 212308 output: Realtime client connected: g3Z7Tao9beqpe7qUAAAQ
App 212308 output: Realtime client connected: pspguB4rCXwE6kQZAAAS
App 212308 output: Realtime client disconnected: g3Z7Tao9beqpe7qUAAAQ
App 212308 output: Realtime client connected: 78xL0g6xloQe6d1hAAAU
App 212308 output: Realtime client disconnected: pspguB4rCXwE6kQZAAAS
App 212308 output: Realtime client disconnected: 78xL0g6xloQe6d1hAAAU
App 212308 output: Realtime client connected: 5vWlXkfMhyW_lMn1AAAW
App 325252 output: MySQL Connected: localhost/rnbmanag_demokopiniskala
App 325252 output: POS Server is listening on port 8000
App 325252 output: Realtime client connected: F858fyONX8YDgE9kAAAB
App 325252 output: Realtime client connected: 6iXbXGNklCNur2Y-AAAD
App 212308 output: Realtime client disconnected: KRBHs4Frh9RkMxyZAAAO
App 325252 output: Realtime client disconnected: 6iXbXGNklCNur2Y-AAAD
App 325252 output: Realtime client connected: uGRJtUxvacS7a5puAAAF
App 325252 output: Realtime client connected: AQvpQMoMhwX4iwYLAAAH
App 325252 output: Realtime client disconnected: F858fyONX8YDgE9kAAAB
App 325252 output: Realtime client connected: 3X-gLVCIc0uzByHHAAAJ
App 325252 output: Realtime client connected: ozKSh21fvb-r2bRCAAAL
App 325252 output: Realtime client disconnected: uGRJtUxvacS7a5puAAAF
App 325252 output: Realtime client disconnected: ozKSh21fvb-r2bRCAAAL
App 325252 output: Realtime client connected: rboEbKYPpJH8u19FAAAN
App 325252 output: Realtime client disconnected: AQvpQMoMhwX4iwYLAAAH
App 325252 output: Realtime client disconnected: rboEbKYPpJH8u19FAAAN
App 325252 output: Realtime client connected: tZgqQA8gXoSq2kUmAAAP
App 325252 output: Realtime client connected: fHI2qM2ItRNRe_F2AAAR
App 325252 output: Realtime client disconnected: 3X-gLVCIc0uzByHHAAAJ
App 325252 output: Realtime client connected: IZ9x2OSWfFv7Nv1RAAAT
App 325252 output: Realtime client disconnected: IZ9x2OSWfFv7Nv1RAAAT
App 325252 output: Realtime client disconnected: fHI2qM2ItRNRe_F2AAAR
App 325252 output: Realtime client connected: CFosWfOzpm2MPqP_AAAV
App 325252 output: Realtime client disconnected: CFosWfOzpm2MPqP_AAAV
App 325252 output: Realtime client connected: vFrtpbcOxN8ATittAAAX
App 325252 output: Realtime client connected: BeVZ9LqHBBbOS_h4AAAZ
App 325252 output: Realtime client disconnected: vFrtpbcOxN8ATittAAAX
App 325252 output: Realtime client disconnected: tZgqQA8gXoSq2kUmAAAP
App 495614 output: MySQL Connected: localhost/rnbmanag_demokopiniskala
App 495614 output: POS Server is listening on port 8000
App 495614 output: Realtime client connected: T7Q2ezWiQ90Nql90AAAB
App 495614 output: Realtime client disconnected: T7Q2ezWiQ90Nql90AAAB
App 495614 output: Realtime client connected: 6hUPGGzVHERkFhzaAAAD
App 325252 output: Realtime client disconnected: BeVZ9LqHBBbOS_h4AAAZ
App 603366 output: MySQL Connected: localhost/rnbmanag_demokopiniskala
App 603366 output: POS Server is listening on port 8000
App 603366 output: Realtime client connected: 5iNRh1KP-QeQQAhrAAAB
App 603366 output: Realtime client disconnected: 5iNRh1KP-QeQQAhrAAAB
App 603366 output: Realtime client connected: -EJel9Yp9r0czI8yAAAD
App 603366 output: Realtime client connected: i7IImXip_qwAXW6mAAAF
App 603366 output: Realtime client connected: h_B0L0FVuXnVvE5EAAAH
App 603366 output: Realtime client disconnected: i7IImXip_qwAXW6mAAAF
App 603366 output: Realtime client disconnected: h_B0L0FVuXnVvE5EAAAH
App 603366 output: Realtime client connected: fNt_axVwzJ9uoQ3QAAAJ
App 645950 output: MySQL Connected: localhost/rnbmanag_demokopiniskala
App 645950 output: POS Server is listening on port 8000
App 645950 output: Realtime client connected: Xxuu7uJWu-5O6JjfAAAB
App 645950 output: Realtime client connected: x--vAOnEEu0zL1bRAAAD
App 645950 output: Realtime client disconnected: x--vAOnEEu0zL1bRAAAD
App 645950 output: Realtime client connected: wpPxxW4rkI-gY7T_AAAF
App 645950 output: Realtime client disconnected: Xxuu7uJWu-5O6JjfAAAB
App 688799 output: MySQL Connected: localhost/rnbmanag_demokopiniskala
App 688799 output: POS Server is listening on port 8000
App 688799 output: Realtime client connected: kvGvsg2FVRiR9vffAAAB
App 688799 output: Realtime client disconnected: kvGvsg2FVRiR9vffAAAB
App 688799 output: Realtime client connected: KvXR03z1TOIJFfNzAAAD
App 688799 output: Realtime client connected: rin8ae1e84cGSD7gAAAF
App 688799 output: Realtime client disconnected: rin8ae1e84cGSD7gAAAF
App 688799 output: Realtime client disconnected: KvXR03z1TOIJFfNzAAAD
App 688799 output: Realtime client connected: SBaWJiu8pa5ncnSeAAAH
App 688799 output: Realtime client connected: veKnDXThBdg3jLy2AAAJ
App 688799 output: Realtime client disconnected: veKnDXThBdg3jLy2AAAJ
App 688799 output: Realtime client connected: Khal2w-ZS9IzclGZAAAL
App 688799 output: Realtime client disconnected: SBaWJiu8pa5ncnSeAAAH
App 688799 output: Realtime client disconnected: Khal2w-ZS9IzclGZAAAL
App 1597011 output: MySQL Connected: localhost/rnbmanag_demokopiniskala
App 1597011 output: POS Server is listening on port 8000
App 1597011 output: Realtime client connected: WkoRZdhyYbWxdSBVAAAB
App 1597011 output: Realtime client disconnected: WkoRZdhyYbWxdSBVAAAB
App 2307406 output: MySQL Connected: localhost/rnbmanag_demokopiniskala
App 2307406 output: POS Server is listening on port 8000
App 2307406 output: Realtime client connected: V2BL6SmhClRlh8jAAAAE
App 2318009 output: MySQL Connected: localhost/rnbmanag_demokopiniskala
App 2318009 output: POS Server is listening on port 8000
App 2318009 output: Realtime client connected: bjyw4GyxNhX8k6FSAAAB
App 2318009 output: Realtime client disconnected: bjyw4GyxNhX8k6FSAAAB
App 2318009 output: Realtime client connected: 1FqBkfkfRiCiRrTNAAAD
App 2318009 output: Realtime client disconnected: 1FqBkfkfRiCiRrTNAAAD
App 2458004 output: MySQL Connected: localhost/rnbmanag_demokopiniskala
App 2458004 output: POS Server is listening on port 8000
App 2458004 output: Realtime client connected: qnHCdxNNROD5GtISAAAB
App 2458004 output: Realtime client disconnected: qnHCdxNNROD5GtISAAAB
App 3431035 output: MySQL Connected: localhost/rnbmanag_demokopiniskala
App 3431035 output: POS Server is listening on port 8000
App 3431035 output: Realtime client connected: ePpnulJzU9aynIcwAAAB
App 3431035 output: Realtime client connected: -fiegsUBPUILHtznAAAD
App 3431035 output: Realtime client disconnected: ePpnulJzU9aynIcwAAAB
App 3431035 output: Realtime client disconnected: -fiegsUBPUILHtznAAAD
App 226438 output: MySQL Connected: localhost/rnbmanag_demokopiniskala
App 226438 output: POS Server is listening on port 8000
App 227971 output: MySQL Connected: localhost/rnbmanag_demokopiniskala
App 227971 output: POS Server is listening on port 8000
App 227971 output: Realtime client connected: 1d1Qow13ZQNa3Rf1AAAB
App 227971 output: Realtime client connected: Sn2PoejxTmGlTgGIAAAD
App 227971 output: Realtime client disconnected: 1d1Qow13ZQNa3Rf1AAAB
App 227971 output: Realtime client disconnected: Sn2PoejxTmGlTgGIAAAD
App 596949 output: MySQL Connected: localhost/rnbmanag_demokopiniskala
App 596949 output: POS Server is listening on port 8000
App 596949 output: Realtime client connected: hzr5I-5dfWF6frWCAAAB
App 596949 output: Realtime client disconnected: hzr5I-5dfWF6frWCAAAB
App 596949 output: Realtime client connected: LaW-v4Jb9y2PVOIkAAAD
App 596949 output: Realtime client disconnected: LaW-v4Jb9y2PVOIkAAAD
App 891231 output: MySQL Connected: localhost/rnbmanag_demokopiniskala
App 891231 output: POS Server is listening on port 8000
App 891231 output: Realtime client connected: 5GibKrPQdjgXgjcMAAAB
App 891231 output: Realtime client disconnected: 5GibKrPQdjgXgjcMAAAB
App 1603233 output: MySQL Connected: localhost/rnbmanag_demokopiniskala
App 1603233 output: POS Server is listening on port 8000
App 1603233 output: Realtime client connected: Lo5jCRg0BCJFdckPAAAB
App 1603233 output: Realtime client disconnected: Lo5jCRg0BCJFdckPAAAB
App 1603233 output: Realtime client connected: ocIeu3KATA46hBe1AAAD
App 1603233 output: Realtime client disconnected: ocIeu3KATA46hBe1AAAD
App 1603233 output: Realtime client connected: J6_ZLRFb8QNDlr8rAAAF
App 1603233 output: Realtime client disconnected: J6_ZLRFb8QNDlr8rAAAF
App 1603233 output: Realtime client connected: BYpnExnVdbPLowalAAAH
App 1603233 output: Realtime client disconnected: BYpnExnVdbPLowalAAAH
App 1826210 output: MySQL Connected: localhost/rnbmanag_demokopiniskala
App 1826210 output: POS Server is listening on port 8000
App 1826210 output: Realtime client connected: Du9lP_va7EHpVX48AAAC
App 1826210 output: Realtime client disconnected: Du9lP_va7EHpVX48AAAC
App 1826210 output: Realtime client connected: bimu-cliQ0YUknKIAAAE
App 1826210 output: Realtime client disconnected: bimu-cliQ0YUknKIAAAE
App 1826210 output: Realtime client connected: OYscxeCMlku_0eneAAAG
App 2292972 output: MySQL Connected: localhost/rnbmanag_demokopiniskala
App 2292972 output: POS Server is listening on port 8000
App 2292972 output: Realtime client connected: sXbLBN109y_34Gw1AAAB
App 2357562 output: MySQL Connected: localhost/rnbmanag_demokopiniskala
App 2357562 output: POS Server is listening on port 8000
App 2357562 output: Realtime client connected: VP5ej7NeKGXpBRHXAAAB
App 2357562 output: Realtime client disconnected: VP5ej7NeKGXpBRHXAAAB
App 2357562 output: Realtime client connected: GDk4vdSRKNUzodezAAAD
App 2357562 output: Realtime client disconnected: GDk4vdSRKNUzodezAAAD
App 2357562 output: Realtime client connected: OtAfmlIbgQsW8upNAAAF
App 2442009 output: MySQL Connected: localhost/rnbmanag_demokopiniskala
App 2442009 output: POS Server is listening on port 8000
App 2442009 output: Realtime client connected: XU455xxXPmKi4F6YAAAB
App 2442009 output: Realtime client disconnected: XU455xxXPmKi4F6YAAAB
App 2442009 output: Realtime client connected: 3M5AJAGh5CfnW-ZPAAAD
App 2442009 output: Realtime client connected: WNimz6uBdlcH6PBOAAAF
App 2442009 output: Realtime client disconnected: WNimz6uBdlcH6PBOAAAF
App 2442009 output: Realtime client connected: EE8QD-RfixQJjP3cAAAH
App 2442009 output: Realtime client disconnected: EE8QD-RfixQJjP3cAAAH
App 2442009 output: Realtime client connected: wbdiwtlgKYE295CcAAAJ
App 2442009 output: Realtime client connected: qbF8gB2gJ9mxO3sxAAAL
App 2442009 output: Realtime client disconnected: wbdiwtlgKYE295CcAAAJ
App 2442009 output: Realtime client disconnected: qbF8gB2gJ9mxO3sxAAAL
App 2442009 output: Realtime client connected: 1XhtJLkFE0QYk_8FAAAN
App 2442009 output: Realtime client disconnected: 1XhtJLkFE0QYk_8FAAAN
App 2442009 output: Realtime client connected: 0NdCnwbICJhiD8TQAAAP
App 2442009 output: Realtime client disconnected: 3M5AJAGh5CfnW-ZPAAAD
App 2442009 output: Realtime client disconnected: 0NdCnwbICJhiD8TQAAAP
App 2442009 output: Realtime client connected: Fl2sgJfU9-7bz4xrAAAR
App 2442009 output: Realtime client connected: PW7J41HSN0vjSs4AAAAT
App 2442009 output: Realtime client disconnected: Fl2sgJfU9-7bz4xrAAAR
App 2442009 output: Realtime client connected: T7mP9raz24uFJ3XuAAAV
App 2442009 output: Realtime client disconnected: T7mP9raz24uFJ3XuAAAV
App 2442009 output: Realtime client connected: 4ox9qASJttt0YTQOAAAX
App 2442009 output: Realtime client disconnected: 4ox9qASJttt0YTQOAAAX
App 2442009 output: Realtime client disconnected: PW7J41HSN0vjSs4AAAAT
App 2442009 output: Realtime client connected: OxGwMJebvpHjYnD1AAAZ
App 2442009 output: Realtime client disconnected: OxGwMJebvpHjYnD1AAAZ
App 2442009 output: Realtime client connected: xclbynwegGzD7NqJAAAb
App 3214045 output: MySQL Connected: localhost/rnbmanag_demokopiniskala
App 3214045 output: POS Server is listening on port 8000
App 3214045 output: Realtime client connected: Huio68hxS1w56WW6AAAB
App 3214045 output: Realtime client disconnected: Huio68hxS1w56WW6AAAB
App 3214045 output: Realtime client connected: RUbY4V7oVWUMPo_VAAAD
App 3375566 output: MySQL Connected: localhost/rnbmanag_demokopiniskala
App 3375566 output: POS Server is listening on port 8000
App 3375566 output: Realtime client connected: j9mCTzbVH718iDr3AAAB
App 3375566 output: Realtime client disconnected: j9mCTzbVH718iDr3AAAB
App 3375566 output: Realtime client connected: c8eb90EdrOtup_AQAAAD
App 3375566 output: Realtime client connected: OWO7apUWBsvZguYvAAAF
App 3375566 output: Realtime client disconnected: c8eb90EdrOtup_AQAAAD
App 3375566 output: Realtime client connected: Lhx9yLAisYmWO0jBAAAH
App 3375566 output: Realtime client disconnected: Lhx9yLAisYmWO0jBAAAH
App 3375566 output: Realtime client connected: Mjwi4ZNYAJclnL8GAAAJ
App 3375566 output: Realtime client disconnected: OWO7apUWBsvZguYvAAAF
App 3375566 output: Realtime client connected: tGXM5nZymoGKeodDAAAL
App 3375566 output: Realtime client disconnected: Mjwi4ZNYAJclnL8GAAAJ
App 3375566 output: Realtime client connected: Q2P56CuMg619D9iFAAAN
App 3375566 output: Realtime client disconnected: Q2P56CuMg619D9iFAAAN
App 3626901 output: MySQL Connected: localhost/rnbmanag_demokopiniskala
App 3626901 output: POS Server is listening on port 8000
App 3626901 output: Realtime client connected: QFO0NVGD9ElD0CF3AAAB
App 3626901 output: Realtime client disconnected: QFO0NVGD9ElD0CF3AAAB
App 3626901 output: Realtime client connected: X-B2JHWJYQldesTmAAAD
App 3626901 output: Realtime client disconnected: X-B2JHWJYQldesTmAAAD
App 3626901 output: Realtime client connected: OGrOykOQ6IYcbVmPAAAF
App 3626901 output: Realtime client disconnected: OGrOykOQ6IYcbVmPAAAF
App 3626901 output: Realtime client connected: K-SK9tr5OHuXqi6oAAAH
App 3795803 output: MySQL Connected: localhost/rnbmanag_demokopiniskala
App 3795803 output: POS Server is listening on port 8000
App 3795803 output: Realtime client connected: xQFmuafzG2BY0Ld6AAAB
App 3889305 output: MySQL Connected: localhost/rnbmanag_demokopiniskala
App 3889305 output: POS Server is listening on port 8000
App 3889305 output: Realtime client connected: H_QsP3TwIDzkE35GAAAB
App 3889305 output: Realtime client disconnected: H_QsP3TwIDzkE35GAAAB
App 3889305 output: Realtime client connected: eZS9nlg9co2S2P6dAAAD
App 3889305 output: Realtime client disconnected: eZS9nlg9co2S2P6dAAAD
App 3889305 output: Realtime client connected: j6wJzdIyE5EEIQLeAAAF
App 3962652 output: MySQL Connected: localhost/rnbmanag_demokopiniskala
App 3962652 output: POS Server is listening on port 8000
App 4080325 output: MySQL Connected: localhost/rnbmanag_demokopiniskala
App 4080325 output: POS Server is listening on port 8000
App 137914 output: MySQL Connected: localhost/rnbmanag_demokopiniskala
App 137914 output: POS Server is listening on port 8000
App 137914 output: Realtime client connected: pFQjplCLzCrCJe3tAAAB
App 137914 output: Realtime client disconnected: pFQjplCLzCrCJe3tAAAB
App 137914 output: Realtime client connected: mlXnAd-vY04ex6vLAAAD
App 137914 output: Realtime client disconnected: mlXnAd-vY04ex6vLAAAD
App 137914 output: Realtime client connected: hPGSaT_rySeboyLgAAAF
App 137914 output: Realtime client disconnected: hPGSaT_rySeboyLgAAAF
App 137914 output: Realtime client connected: NNgP-DqWF8jtmz5FAAAH
App 137914 output: Realtime client connected: yuGJRAyOG1eGpy_lAAAJ
App 137914 output: Realtime client disconnected: yuGJRAyOG1eGpy_lAAAJ
App 137914 output: Realtime client connected: FTsO2cNaCq5LV86cAAAL
App 137914 output: Realtime client disconnected: FTsO2cNaCq5LV86cAAAL
App 137914 output: Realtime client connected: cfYEL2eYu6VtqnikAAAN
App 137914 output: Realtime client connected: YWuC_twLYCESxQSpAAAP
App 137914 output: Realtime client disconnected: cfYEL2eYu6VtqnikAAAN
App 137914 output: Realtime client disconnected: YWuC_twLYCESxQSpAAAP
App 137914 output: Realtime client connected: 8OZHOVSe6TJWLWbSAAAS
App 137914 output: Realtime client connected: tKb1dopMJuSOWgbaAAAT
App 137914 output: Realtime client disconnected: 8OZHOVSe6TJWLWbSAAAS
App 137914 output: Realtime client disconnected: tKb1dopMJuSOWgbaAAAT
App 137914 output: Realtime client connected: sNQm_JHx23G3ngslAAAV
App 137914 output: Realtime client connected: wZYkSG5d9aSApnraAAAX
App 137914 output: Realtime client disconnected: wZYkSG5d9aSApnraAAAX
App 137914 output: Realtime client disconnected: sNQm_JHx23G3ngslAAAV
App 137914 output: Realtime client connected: eauvjl1E75NgRwFnAAAZ
App 137914 output: Realtime client disconnected: eauvjl1E75NgRwFnAAAZ
App 137914 output: Realtime client connected: 2fxpjDkvvBgogni2AAAb
App 137914 output: Realtime client disconnected: 2fxpjDkvvBgogni2AAAb
App 137914 output: Realtime client disconnected: NNgP-DqWF8jtmz5FAAAH
App 137914 output: Realtime client connected: WZ5mmOgAfgR_KcOJAAAd
App 137914 output: Realtime client disconnected: WZ5mmOgAfgR_KcOJAAAd
App 137914 output: Realtime client connected: yVohd_KzjRTG__kGAAAf
App 137914 output: Realtime client connected: _M7niUwOdPgtAW0GAAAh
App 137914 output: Realtime client disconnected: _M7niUwOdPgtAW0GAAAh
App 137914 output: Realtime client disconnected: yVohd_KzjRTG__kGAAAf
App 137914 output: Realtime client connected: 2QFMdEfEVpctsi7TAAAj
App 137914 output: Realtime client connected: gGNzGg7pqAeS6p5jAAAl
App 137914 output: Realtime client disconnected: 2QFMdEfEVpctsi7TAAAj
App 137914 output: Realtime client connected: vk1bHFJmmmuX6LrnAAAn
App 137914 output: Realtime client disconnected: gGNzGg7pqAeS6p5jAAAl
App 137914 output: Realtime client connected: e5UmB6rzCW87aIoGAAAp
App 137914 output: Realtime client disconnected: e5UmB6rzCW87aIoGAAAp
App 137914 output: Realtime client connected: 5hlfuOV5um_Q2jXhAAAr
App 137914 output: Realtime client disconnected: 5hlfuOV5um_Q2jXhAAAr
App 137914 output: Realtime client connected: 5YMEWm62M8oOsJykAAAt
App 137914 output: Realtime client disconnected: 5YMEWm62M8oOsJykAAAt
App 137914 output: Realtime client connected: wBf3inKcVUMWzT_IAAAv
App 137914 output: Realtime client disconnected: vk1bHFJmmmuX6LrnAAAn
App 137914 output: Realtime client connected: xQJX60RkzT89bA9pAAAx
App 137914 output: Realtime client disconnected: wBf3inKcVUMWzT_IAAAv
App 137914 output: Realtime client connected: _6SPmrsL_CH-jpv1AAAz
App 137914 output: Realtime client disconnected: _6SPmrsL_CH-jpv1AAAz
App 137914 output: Realtime client connected: zdusMU8LaEuvluCCAAA1
App 137914 output: Realtime client disconnected: zdusMU8LaEuvluCCAAA1
App 137914 output: Realtime client connected: 8Q5cRQOhXfgtdqqlAAA4
App 137914 output: Realtime client disconnected: 8Q5cRQOhXfgtdqqlAAA4
App 137914 output: Realtime client connected: d84o2Z5bf1qzD_puAAA6
App 137914 output: Realtime client disconnected: d84o2Z5bf1qzD_puAAA6
App 638417 output: MySQL Connected: localhost/rnbmanag_demokopiniskala
App 638417 output: POS Server is listening on port 8000
App 638417 output: Realtime client connected: OE1wihWlXYebhwXqAAAB
App 638417 output: Realtime client connected: qBWpgGmhOdQkVj_fAAAD
App 638417 output: Realtime client disconnected: qBWpgGmhOdQkVj_fAAAD
App 638417 output: Realtime client connected: fMsi8aNbe7bSEqPuAAAF
App 638417 output: Realtime client disconnected: OE1wihWlXYebhwXqAAAB
App 638417 output: Realtime client disconnected: fMsi8aNbe7bSEqPuAAAF
App 638417 output: Realtime client connected: 0yX1IlYKqxdv4bzsAAAH
App 638417 output: Realtime client connected: zZw3X1gGblTj4u9SAAAJ
App 638417 output: Realtime client connected: Dr4YfZqlZjM02qrsAAAL
App 638417 output: Realtime client connected: Z1d23zF2NwGQmu1bAAAN
App 638417 output: Realtime client disconnected: zZw3X1gGblTj4u9SAAAJ
App 638417 output: Realtime client disconnected: Dr4YfZqlZjM02qrsAAAL
App 638417 output: Realtime client disconnected: Z1d23zF2NwGQmu1bAAAN
App 802977 output: MySQL Connected: localhost/rnbmanag_demokopiniskala
App 802977 output: POS Server is listening on port 8000
App 802977 output: Realtime client connected: WFG-uJv3Ep5kJRmvAAAB
App 802977 output: Realtime client disconnected: WFG-uJv3Ep5kJRmvAAAB
App 802977 output: Realtime client connected: PLc7oPYuT38UOku0AAAD
App 802977 output: Realtime client connected: joTRw2TX-svET004AAAF
App 802977 output: Realtime client disconnected: joTRw2TX-svET004AAAF
App 802977 output: Realtime client connected: OECIo-3C1SVkhLwvAAAH
App 802977 output: Realtime client disconnected: PLc7oPYuT38UOku0AAAD
App 802977 output: Realtime client disconnected: OECIo-3C1SVkhLwvAAAH
App 802977 output: Realtime client connected: wsp_cJR2KRXwQX_IAAAJ
App 949217 output: MySQL Connected: localhost/rnbmanag_demokopiniskala
App 949217 output: POS Server is listening on port 8000
App 949217 output: Realtime client connected: vPAYnrdXNxOnEGLoAAAB
App 949217 output: Realtime client disconnected: vPAYnrdXNxOnEGLoAAAB
App 949217 output: Realtime client connected: 2PffRG3O3f2l_tcuAAAD
App 949217 output: Realtime client disconnected: 2PffRG3O3f2l_tcuAAAD
App 1161273 output: MySQL Connected: localhost/rnbmanag_demokopiniskala
App 1161273 output: POS Server is listening on port 8000
App 1188497 output: MySQL Connected: localhost/rnbmanag_demokopiniskala
App 1188497 output: POS Server is listening on port 8000
App 1188497 output: Realtime client connected: F-HOMZGEoNQ0tSy1AAAB
App 1188497 output: Realtime client disconnected: F-HOMZGEoNQ0tSy1AAAB
App 1188497 output: Realtime client connected: TOLM3hurH-nTVgBrAAAD
App 1188497 output: Realtime client connected: VHbKqSgE-xc2uVzTAAAF
App 1188497 output: Realtime client connected: NrAIvxv30fz3qLZKAAAH
App 1188497 output: Realtime client disconnected: TOLM3hurH-nTVgBrAAAD
App 1188497 output: Realtime client disconnected: VHbKqSgE-xc2uVzTAAAF
App 1188497 output: Realtime client disconnected: NrAIvxv30fz3qLZKAAAH
App 1461092 output: MySQL Connected: localhost/rnbmanag_demokopiniskala
App 1461092 output: POS Server is listening on port 8000
App 1461092 output: Realtime client connected: mGNxt4CoBzyUpSI0AAAB
App 1461092 output: Realtime client disconnected: mGNxt4CoBzyUpSI0AAAB
App 1461092 output: Realtime client connected: zwAxoE9QfQH_eK29AAAD
App 1461092 output: Realtime client disconnected: zwAxoE9QfQH_eK29AAAD
App 1461092 output: Realtime client connected: V-6djb7aNgiXoIpQAAAF
App 1461092 output: Realtime client disconnected: V-6djb7aNgiXoIpQAAAF
App 1595420 output: MySQL Connected: localhost/rnbmanag_demokopiniskala
App 1595420 output: POS Server is listening on port 8000
App 1595420 output: Realtime client connected: -15nkz6Caaq7yzsOAAAB
App 1595420 output: Realtime client connected: 4ChvIctP6-WNsssdAAAD
App 1595420 output: Realtime client connected: kntRiEnrhQBpkd0mAAAF
App 1595420 output: Realtime client disconnected: -15nkz6Caaq7yzsOAAAB
App 1595420 output: Realtime client disconnected: 4ChvIctP6-WNsssdAAAD
App 1595420 output: Realtime client disconnected: kntRiEnrhQBpkd0mAAAF
App 1775689 output: MySQL Connected: localhost/rnbmanag_demokopiniskala
App 1775689 output: POS Server is listening on port 8000
App 1779353 output: MySQL Connected: localhost/rnbmanag_demokopiniskala
App 1779353 output: POS Server is listening on port 8000
App 1779353 output: Realtime client connected: HruXGEn5QLgcVI6XAAAB
App 1779353 output: Realtime client disconnected: HruXGEn5QLgcVI6XAAAB
App 1779353 output: Realtime client connected: 7SCGaz465VCLPM-BAAAD
App 1779353 output: Realtime client disconnected: 7SCGaz465VCLPM-BAAAD
App 1779353 output: Realtime client connected: M5aY77WO007W-bYOAAAF
App 1779353 output: Realtime client disconnected: M5aY77WO007W-bYOAAAF
App 1779353 output: Realtime client connected: oSXy89L6hl6RA0c9AAAH
App 1779353 output: Realtime client disconnected: oSXy89L6hl6RA0c9AAAH
App 1779353 output: Realtime client connected: zg67qcEKpb5p2W1lAAAJ
App 1779353 output: Realtime client disconnected: zg67qcEKpb5p2W1lAAAJ
App 1876478 output: MySQL Connected: localhost/rnbmanag_demokopiniskala
App 1876478 output: POS Server is listening on port 8000
App 1876478 output: Realtime client connected: Qq9_H44zYggnNfvlAAAC
App 1876478 output: Realtime client connected: fRKdozAMfUD-uW2kAAAE
App 1876478 output: Realtime client disconnected: fRKdozAMfUD-uW2kAAAE
App 1876478 output: Realtime client disconnected: Qq9_H44zYggnNfvlAAAC
App 2007534 output: MySQL Connected: localhost/rnbmanag_demokopiniskala
App 2007534 output: POS Server is listening on port 8000
App 2032791 output: MySQL Connected: localhost/rnbmanag_demokopiniskala
App 2032791 output: POS Server is listening on port 8000
App 2032791 output: Realtime client connected: XB0H_k7qPkRkN_v2AAAB
App 2032791 output: Realtime client disconnected: XB0H_k7qPkRkN_v2AAAB
App 2032791 output: Realtime client connected: atgcxN8TvtfpliPxAAAD
App 2032791 output: Realtime client disconnected: atgcxN8TvtfpliPxAAAD
App 2162823 output: MySQL Connected: localhost/rnbmanag_demokopiniskala
App 2162823 output: POS Server is listening on port 8000
App 2484339 output: MySQL Connected: localhost/rnbmanag_demokopiniskala
App 2484339 output: POS Server is listening on port 8000
App 2484339 output: Realtime client connected: qXU49DQtAWpUZEsAAAAB
App 2484339 output: Realtime client disconnected: qXU49DQtAWpUZEsAAAAB
App 2484339 output: Realtime client connected: abwimi_sxhhJ-fAxAAAD
App 2484339 output: Realtime client disconnected: abwimi_sxhhJ-fAxAAAD
App 2484339 output: Realtime client connected: SPCF762CrqZrTIE7AAAF
App 2561412 output: MySQL Connected: localhost/rnbmanag_demokopiniskala
App 2561412 output: POS Server is listening on port 8000
App 2561412 output: Realtime client connected: lmONEixHoHbiwV1kAAAB
App 2561412 output: Realtime client disconnected: lmONEixHoHbiwV1kAAAB
App 2561412 output: Realtime client connected: z9TU4r7uB_fub6znAAAD
App 2561412 output: Realtime client disconnected: z9TU4r7uB_fub6znAAAD
App 2561412 output: Realtime client connected: Ads3anEb9onH5wpvAAAF
App 2561412 output: Realtime client disconnected: Ads3anEb9onH5wpvAAAF
App 2561412 output: Realtime client connected: UIsMkt1ALja5zlkdAAAH
App 2561412 output: Realtime client disconnected: UIsMkt1ALja5zlkdAAAH
App 2561412 output: Realtime client connected: iTxXbyQWmCqMSxBCAAAJ
App 2561412 output: Realtime client disconnected: iTxXbyQWmCqMSxBCAAAJ
App 2561412 output: Realtime client connected: afJvZDQN-SrSM9vvAAAL
App 2561412 output: Realtime client disconnected: afJvZDQN-SrSM9vvAAAL
App 2561412 output: Realtime client connected: xOZPr_7UWuXTCUDFAAAN
App 2561412 output: Realtime client disconnected: xOZPr_7UWuXTCUDFAAAN
App 3185447 output: MySQL Connected: localhost/rnbmanag_demokopiniskala
App 3185447 output: POS Server is listening on port 8000
App 3353487 output: MySQL Connected: localhost/rnbmanag_demokopiniskala
App 3353487 output: POS Server is listening on port 8000
App 3353487 output: Realtime client connected: oYlTE6tl_VkqmLbJAAAB
App 3353487 output: Realtime client disconnected: oYlTE6tl_VkqmLbJAAAB
App 3353487 output: Realtime client connected: -5qCg4r6aZlyVV4mAAAD
App 3353487 output: Realtime client connected: SbFhUInz9NYXlrgFAAAF
App 3353487 output: Realtime client disconnected: SbFhUInz9NYXlrgFAAAF
App 3353487 output: Realtime client connected: kdkFH9dmRhF4TUGFAAAH
App 3353487 output: Realtime client disconnected: -5qCg4r6aZlyVV4mAAAD
App 3353487 output: Realtime client disconnected: kdkFH9dmRhF4TUGFAAAH
App 4137362 output: MySQL Connected: localhost/rnbmanag_demokopiniskala
App 4137362 output: POS Server is listening on port 8000
App 3025815 output: MySQL Connected: localhost/rnbmanag_demokopiniskala
App 3025815 output: POS Server is listening on port 8000
App 3025815 output: Realtime client connected: -b7shOuuaDKtcdAOAAAB
App 3025815 output: Realtime client disconnected: -b7shOuuaDKtcdAOAAAB
App 3025815 output: Realtime client connected: uT9BGO4OvYsZrF3-AAAD
App 3053038 output: MySQL Connected: localhost/rnbmanag_demokopiniskala
App 3053038 output: POS Server is listening on port 8000
App 3053038 output: Realtime client connected: fDkHsyuoNCHackeUAAAB
App 3053038 output: Realtime client disconnected: fDkHsyuoNCHackeUAAAB
App 3053038 output: Realtime client connected: 27ClDg1PGGA9kz0uAAAD
App 3053038 output: Realtime client disconnected: 27ClDg1PGGA9kz0uAAAD
App 3053038 output: Realtime client connected: vmlTpJrR_6XgwrDrAAAF
App 3053038 output: Realtime client disconnected: vmlTpJrR_6XgwrDrAAAF
App 3053038 output: Realtime client connected: axKSyZ9PmAtqgHZuAAAH
App 3053038 output: Realtime client disconnected: axKSyZ9PmAtqgHZuAAAH
App 3053038 output: Realtime client connected: TqAHuz1mdAveD4m7AAAJ
App 3053038 output: Realtime client connected: l7YlkgV1YTWLVTG2AAAL
App 3053038 output: Realtime client disconnected: l7YlkgV1YTWLVTG2AAAL
App 3053038 output: Realtime client connected: QFn-pZrBDxboDPU1AAAN
App 3053038 output: Realtime client disconnected: QFn-pZrBDxboDPU1AAAN
App 3053038 output: Realtime client connected: 3c6F5F5mJA5M0ID7AAAP
App 3053038 output: Realtime client disconnected: 3c6F5F5mJA5M0ID7AAAP
App 3053038 output: Realtime client connected: hq6QOxyKnO8-nXowAAAR
App 3053038 output: Realtime client disconnected: hq6QOxyKnO8-nXowAAAR
App 3053038 output: Realtime client connected: ZZtRlvk6Y3tZOJplAAAT
App 3053038 output: Realtime client connected: fAuPYVXIZS_s_gKeAAAV
App 3053038 output: Realtime client disconnected: fAuPYVXIZS_s_gKeAAAV
App 3053038 output: Realtime client connected: x6f0N4bCQgA0TgydAAAX
App 3053038 output: Realtime client disconnected: ZZtRlvk6Y3tZOJplAAAT
App 3280935 output: MySQL Connected: localhost/rnbmanag_demokopiniskala
App 3280935 output: POS Server is listening on port 8000
App 3280935 output: Realtime client connected: LtQF9c7MtaQNBx1tAAAB
App 3280935 output: Realtime client connected: 962zcU4M_LWZjOjzAAAD
App 3280935 output: Realtime client disconnected: LtQF9c7MtaQNBx1tAAAB
App 3280935 output: Realtime client connected: YWmoor57G_LIdwx3AAAF
App 3280935 output: Realtime client disconnected: 962zcU4M_LWZjOjzAAAD
App 3280935 output: Realtime client disconnected: YWmoor57G_LIdwx3AAAF
App 3280935 output: Realtime client connected: T1mAm4Sl2ECtZY5tAAAH
App 3280935 output: Realtime client disconnected: T1mAm4Sl2ECtZY5tAAAH
App 3280935 output: Realtime client connected: bla4x7AxWo_cA7nMAAAJ
App 3280935 output: Realtime client disconnected: bla4x7AxWo_cA7nMAAAJ
App 3280935 output: Realtime client connected: q_lVcPA92aqq8T9AAAAL
App 3280935 output: Realtime client disconnected: q_lVcPA92aqq8T9AAAAL
App 3280935 output: Realtime client connected: QcG2bsq7nvQHo6yiAAAN
App 3280935 output: Realtime client disconnected: QcG2bsq7nvQHo6yiAAAN
App 3280935 output: Realtime client connected: jvll90adO5TGe7WkAAAP
App 3280935 output: Realtime client connected: qRdYw8ugLj0W-GN-AAAR
App 3280935 output: Realtime client disconnected: jvll90adO5TGe7WkAAAP
App 3280935 output: Realtime client disconnected: qRdYw8ugLj0W-GN-AAAR
App 3280935 output: Realtime client connected: jmk-J4q9EZc9oF2iAAAT
App 3280935 output: Realtime client connected: 4S-jStMSG3cP9EWzAAAV
App 3280935 output: Realtime client disconnected: 4S-jStMSG3cP9EWzAAAV
App 3280935 output: Realtime client connected: siVotlHwHRpYJc4qAAAX
App 3280935 output: Realtime client disconnected: siVotlHwHRpYJc4qAAAX
App 3280935 output: Realtime client connected: ERbmGklHj8ZIWSUdAAAZ
App 3280935 output: Realtime client disconnected: jmk-J4q9EZc9oF2iAAAT
App 3280935 output: Realtime client connected: jBOwdF2vCFjp2plGAAAb
App 3280935 output: Realtime client connected: R-hztXfPPmLspVFsAAAd
App 3280935 output: Realtime client disconnected: R-hztXfPPmLspVFsAAAd
App 3689697 output: MySQL Connected: localhost/rnbmanag_demokopiniskala
App 3689697 output: POS Server is listening on port 8000
App 3689697 output: Realtime client connected: T6FCbD2M9IGa998sAAAB
App 3689697 output: Realtime client disconnected: T6FCbD2M9IGa998sAAAB
App 3280935 output: Realtime client disconnected: jBOwdF2vCFjp2plGAAAb
App 3689697 output: Realtime client connected: GVKrdjRqhCCY4qRtAAAD
App 3689697 output: Realtime client connected: raV4NVII8Cda0hBwAAAF
App 3689697 output: Realtime client disconnected: raV4NVII8Cda0hBwAAAF
App 3689697 output: Realtime client connected: 8vxubiku5EP78KDAAAAH
App 3689697 output: Realtime client connected: TawbsphWeMZouA48AAAJ
App 3689697 output: Realtime client disconnected: GVKrdjRqhCCY4qRtAAAD
App 3689697 output: Realtime client disconnected: TawbsphWeMZouA48AAAJ
App 3689697 output: Realtime client connected: _SZbrzxj1tEuG66AAAAZ
App 3689697 output: Realtime client disconnected: 8vxubiku5EP78KDAAAAH
App 3689697 output: Realtime client connected: XL-hhcQ0wk6Dalp2AAAj
App 3689697 output: Realtime client disconnected: _SZbrzxj1tEuG66AAAAZ
App 3689697 output: Realtime client connected: 49Qyi-lNgKofzjsOAABF
App 3689697 output: Realtime client disconnected: 49Qyi-lNgKofzjsOAABF
App 3689697 output: Realtime client connected: FwNYLezSXDiezgjAAABN
App 3689697 output: Realtime client disconnected: FwNYLezSXDiezgjAAABN
App 3689697 output: Realtime client connected: mcscSC9JwfAg788tAAB1
App 3689697 output: Realtime client disconnected: mcscSC9JwfAg788tAAB1
App 3838766 output: MySQL Connected: localhost/rnbmanag_demokopiniskala
App 3838766 output: POS Server is listening on port 8000
App 3838766 output: Realtime client connected: 9kTpNIoNmfnQi-o-AAAD
App 3842216 output: MySQL Connected: localhost/rnbmanag_demokopiniskala
App 3842216 output: POS Server is listening on port 8000
App 3842216 output: Realtime client connected: zqS9keVxUxzP0u-RAAAC
App 3842216 output: Realtime client disconnected: zqS9keVxUxzP0u-RAAAC
App 3842216 output: Realtime client connected: FN-oYHq_aWGGkt4kAABA
App 3968989 output: MySQL Connected: localhost/rnbmanag_demokopiniskala
App 3968989 output: POS Server is listening on port 8000
App 3968989 output: Realtime client connected: i9fScXOOwGx2tvKPAAAB
App 3989237 output: MySQL Connected: localhost/rnbmanag_demokopiniskala
App 3989237 output: POS Server is listening on port 8000
App 3989237 output: Realtime client connected: PW1wTmTFUF0EsdyMAAAB
App 3989237 output: Realtime client disconnected: PW1wTmTFUF0EsdyMAAAB
App 3989237 output: Realtime client connected: 7LE-Fcs_xD8U5ljLAAAD
App 3989237 output: Realtime client connected: ycA9WPHPnVCcp5zUAAAF
App 3989237 output: Realtime client disconnected: 7LE-Fcs_xD8U5ljLAAAD
App 4089964 output: MySQL Connected: localhost/rnbmanag_demokopiniskala
App 4089964 output: POS Server is listening on port 8000
App 4089964 output: Realtime client connected: 5_q5eRQq1xOs3CsDAAAB
App 4089964 output: Realtime client connected: A6UuLsPZmGhY6Q-UAAAD
App 4089964 output: Realtime client connected: bd3qVldfXyHwnRygAAAF
App 4089964 output: Realtime client disconnected: bd3qVldfXyHwnRygAAAF
App 4089964 output: Realtime client connected: 1uTYQqtzjLyx05uDAAAH
App 4089964 output: Realtime client disconnected: 5_q5eRQq1xOs3CsDAAAB
App 4089964 output: Realtime client disconnected: A6UuLsPZmGhY6Q-UAAAD
App 4089964 output: Realtime client connected: sDjlZUg_o43XzDQEAAAJ
App 4089964 output: Realtime client disconnected: sDjlZUg_o43XzDQEAAAJ
App 38917 output: MySQL Connected: localhost/rnbmanag_demokopiniskala
App 38917 output: POS Server is listening on port 8000
App 38917 output: Realtime client connected: KvSZc7l8BX2lMd_QAAAB
App 38917 output: Realtime client disconnected: KvSZc7l8BX2lMd_QAAAB
App 38917 output: Realtime client connected: XlHY93q5USJbn8dqAAAD
App 77801 output: MySQL Connected: localhost/rnbmanag_demokopiniskala
App 77801 output: POS Server is listening on port 8000
App 77801 output: Realtime client connected: 6QRYzsKsl-J4XSPkAAAB
App 203054 output: MySQL Connected: localhost/rnbmanag_demokopiniskala
App 203054 output: POS Server is listening on port 8000
App 203054 output: Realtime client connected: 9zVGjY1CVjlDqMauAAAB
App 203054 output: Realtime client disconnected: 9zVGjY1CVjlDqMauAAAB
App 203054 output: Realtime client connected: jHopQx0_SxXQ4LftAAAD
App 203054 output: Realtime client connected: jdlaDAcXEmTyDRQGAAAF
App 203054 output: Realtime client connected: OGi-jcKse-EHZhrcAAAH
App 203054 output: Realtime client disconnected: OGi-jcKse-EHZhrcAAAH
App 203054 output: Realtime client connected: ja3ljvkI8gsHpUzQAAAJ
App 203054 output: Realtime client connected: XK9JsYZM4ksV71WBAAAL
App 203054 output: Realtime client disconnected: jdlaDAcXEmTyDRQGAAAF
App 203054 output: Realtime client connected: Qo2ZDjAdj0_1PsudAAAN
App 203054 output: Realtime client disconnected: ja3ljvkI8gsHpUzQAAAJ
App 203054 output: Realtime client disconnected: XK9JsYZM4ksV71WBAAAL
App 203054 output: Realtime client disconnected: jHopQx0_SxXQ4LftAAAD
App 203054 output: Realtime client disconnected: Qo2ZDjAdj0_1PsudAAAN
App 203054 output: Realtime client connected: m0gKf9Do-t2YFPrYAAAP
App 203054 output: Realtime client connected: xMLUZFGqGSKJslOgAAAR
App 203054 output: Realtime client disconnected: m0gKf9Do-t2YFPrYAAAP
App 203054 output: Realtime client disconnected: xMLUZFGqGSKJslOgAAAR
App 203054 output: Realtime client connected: YpO9r1dmpy3JbZizAAAT
App 203054 output: Realtime client disconnected: YpO9r1dmpy3JbZizAAAT
App 203054 output: Realtime client connected: 5j1eOiPh8Gb2c5smAAAV
App 203054 output: Realtime client connected: bhjVHxLQ0fjYjgmLAAAX
App 203054 output: Realtime client connected: BhQaaJCqddnA-Zv2AAAZ
App 203054 output: Realtime client disconnected: bhjVHxLQ0fjYjgmLAAAX
App 203054 output: Realtime client disconnected: BhQaaJCqddnA-Zv2AAAZ
App 203054 output: Realtime client connected: 2GMegbDjuqhWk7pfAAAb
App 203054 output: Realtime client disconnected: 5j1eOiPh8Gb2c5smAAAV
App 203054 output: Realtime client disconnected: 2GMegbDjuqhWk7pfAAAb
App 203054 output: Realtime client connected: Sezt6NoqM1q-CEGbAAAd
App 203054 output: Realtime client connected: snypqQrmqk24ILkxAAAf
App 203054 output: Realtime client connected: rVoIurfjp_tn3xxsAAAh
App 203054 output: Realtime client disconnected: rVoIurfjp_tn3xxsAAAh
App 203054 output: Realtime client disconnected: snypqQrmqk24ILkxAAAf
App 203054 output: Realtime client disconnected: Sezt6NoqM1q-CEGbAAAd
App 203054 output: Realtime client connected: D6PnrQIuSiQJqkFWAAAj
App 203054 output: Realtime client connected: gBWQe0tuzGvYyoaaAAAl
App 203054 output: Realtime client disconnected: D6PnrQIuSiQJqkFWAAAj
App 203054 output: Realtime client disconnected: gBWQe0tuzGvYyoaaAAAl
App 203054 output: Realtime client connected: VfdRpJLQL0Ef7jXRAAAo
App 203054 output: Realtime client disconnected: VfdRpJLQL0Ef7jXRAAAo
App 203054 output: Realtime client connected: B5-RUa2F-tT0CIloAAAq
App 460347 output: MySQL Connected: localhost/rnbmanag_demokopiniskala
App 460347 output: POS Server is listening on port 8000
App 460347 output: Realtime client connected: fnQiyBFL_E_GrKxuAAAB
App 460347 output: Realtime client disconnected: fnQiyBFL_E_GrKxuAAAB
App 460347 output: Realtime client connected: uEbcFU3D36-JUE34AAAD
App 460347 output: Realtime client connected: x6EP6sIO1v2pRtBDAAAF
App 460347 output: Realtime client disconnected: uEbcFU3D36-JUE34AAAD
App 460347 output: Realtime client connected: jiGy7o-Tp7ExVpwnAAAH
App 460347 output: Realtime client disconnected: jiGy7o-Tp7ExVpwnAAAH
App 460347 output: Realtime client connected: A47V2ksCcye9POJWAAAJ
App 460347 output: Realtime client connected: ATCtdrL1NMEGXKp6AAAL
App 460347 output: Realtime client disconnected: x6EP6sIO1v2pRtBDAAAF
App 460347 output: Realtime client disconnected: A47V2ksCcye9POJWAAAJ
App 460347 output: Realtime client disconnected: ATCtdrL1NMEGXKp6AAAL
App 460347 output: Realtime client connected: M7nB52jWEIGGLoVHAAAN
App 460347 output: Realtime client disconnected: M7nB52jWEIGGLoVHAAAN
App 460347 output: Realtime client connected: xm0mXSsHp_5e435fAAAP
App 460347 output: Realtime client disconnected: xm0mXSsHp_5e435fAAAP
App 1179466 output: MySQL Connected: localhost/rnbmanag_demokopiniskala
App 1179466 output: POS Server is listening on port 8000
App 1179466 output: Realtime client connected: kt2c7J2CWu6rGOn8AAAB
App 1179466 output: Realtime client disconnected: kt2c7J2CWu6rGOn8AAAB
App 1179466 output: Realtime client connected: 7c6HU_Z4p6_UZxhbAAAD
App 1242145 output: MySQL Connected: localhost/rnbmanag_demokopiniskala
App 1242145 output: POS Server is listening on port 8000
App 1242145 output: Realtime client connected: RH9atz_1cis6CrcPAAAB
App 1242145 output: Realtime client disconnected: RH9atz_1cis6CrcPAAAB
App 1242145 output: Realtime client connected: YbysCwnUezK-d69fAAAD
App 1179466 output: Realtime client disconnected: 7c6HU_Z4p6_UZxhbAAAD
App 1242145 output: Realtime client disconnected: YbysCwnUezK-d69fAAAD
App 1242145 output: Realtime client connected: gRCMOWa8f_X1vc4JAAAF
App 1242145 output: Realtime client disconnected: gRCMOWa8f_X1vc4JAAAF
App 1242145 output: Realtime client connected: 1t-Q0qn7hPUXs731AAAH
App 1242145 output: Realtime client connected: MYsj3aktvuk-rucsAAAJ
App 1242145 output: Realtime client disconnected: MYsj3aktvuk-rucsAAAJ
App 1242145 output: Realtime client connected: XN_u4BLg9Trsxl4DAAAL
App 1242145 output: Realtime client connected: vkq7rFN27XkmmS_oAAAN
App 1242145 output: Realtime client disconnected: XN_u4BLg9Trsxl4DAAAL
App 1242145 output: Realtime client connected: sGekx95bOYz5NfOkAAAP
App 1242145 output: Realtime client disconnected: vkq7rFN27XkmmS_oAAAN
App 1242145 output: Realtime client disconnected: sGekx95bOYz5NfOkAAAP
App 1242145 output: Realtime client connected: 97opRPj6WACaBuFBAAAR
App 1460649 output: MySQL Connected: localhost/rnbmanag_demokopiniskala
App 1460649 output: POS Server is listening on port 8000
App 1460649 output: Realtime client connected: WjmSLip-tr9qfOXNAAAB
App 1460649 output: Realtime client disconnected: WjmSLip-tr9qfOXNAAAB
App 1460649 output: Realtime client connected: XKEaPRSlWEwv1fxKAAAD
App 1460649 output: Realtime client connected: GoZ8IKajcFi5G4UFAAAF
App 1460649 output: Realtime client connected: xE6bHxutXLb_YeFQAAAH
App 1460649 output: Realtime client disconnected: GoZ8IKajcFi5G4UFAAAF
App 1460649 output: Realtime client disconnected: XKEaPRSlWEwv1fxKAAAD
App 1460649 output: Realtime client disconnected: xE6bHxutXLb_YeFQAAAH
App 1460649 output: Realtime client connected: rEdE3WhTHGVJ802qAAAJ
App 1460649 output: Realtime client connected: m6e5pK3WcJrxHB3iAAAL
App 1460649 output: Realtime client disconnected: m6e5pK3WcJrxHB3iAAAL
App 1460649 output: Realtime client connected: v6fdcNxurE6oO4LVAAAN
App 1460649 output: Realtime client disconnected: v6fdcNxurE6oO4LVAAAN
App 1460649 output: Realtime client connected: 95GFxd2B5sCphBHFAAAP
App 1524170 output: MySQL Connected: localhost/rnbmanag_demokopiniskala
App 1524170 output: POS Server is listening on port 8000
App 1524170 output: Realtime client connected: F_Va_yFMqj1k7J7zAAAB
App 1524170 output: Realtime client connected: zZy17emK-yzvBToDAAAD
App 1524170 output: Realtime client connected: 8VrEF0HSlxJsKCSPAAAF
App 1524170 output: Realtime client disconnected: F_Va_yFMqj1k7J7zAAAB
App 1524170 output: Realtime client disconnected: 8VrEF0HSlxJsKCSPAAAF
App 1524170 output: Realtime client connected: ZxWAb2TgmwFgn571AAAH
App 1524170 output: Realtime client disconnected: zZy17emK-yzvBToDAAAD
App 1524170 output: Realtime client connected: N1YJyIKP6usIaJssAAAJ
App 1524170 output: Realtime client disconnected: ZxWAb2TgmwFgn571AAAH
App 1524170 output: Realtime client connected: sq2tIsg644r5VIHYAAAL
App 1524170 output: Realtime client disconnected: sq2tIsg644r5VIHYAAAL
App 1524170 output: Realtime client connected: kZJoxHNOCRtjXOPHAAAN
App 1524170 output: Realtime client disconnected: kZJoxHNOCRtjXOPHAAAN
App 1524170 output: Realtime client connected: jK76d-1i50CXi-k5AAAP
App 1524170 output: Realtime client disconnected: N1YJyIKP6usIaJssAAAJ
App 1524170 output: Realtime client connected: ENrEluvORliwWb02AAAR
App 1676281 output: MySQL Connected: localhost/rnbmanag_demokopiniskala
App 1676281 output: POS Server is listening on port 8000
App 1676281 output: Realtime client connected: 6N8FwePt9-UITd_BAAAB
App 1676281 output: Realtime client connected: P5m83J54lqocQnazAAAD
App 1676281 output: Realtime client disconnected: 6N8FwePt9-UITd_BAAAB
App 1676281 output: Realtime client connected: -ZGzaCHEtPiFlkcPAAAF
App 1676281 output: Realtime client disconnected: -ZGzaCHEtPiFlkcPAAAF
App 1676281 output: Realtime client connected: J2BN136BsBH6RR5xAAAH
App 1676281 output: Realtime client disconnected: P5m83J54lqocQnazAAAD
App 1676281 output: Realtime client connected: LxBBBVNODmdElqydAAAJ
App 1676281 output: Realtime client disconnected: J2BN136BsBH6RR5xAAAH
App 1764907 output: MySQL Connected: localhost/rnbmanag_demokopiniskala
App 1764907 output: POS Server is listening on port 8000
App 1764907 output: Realtime client connected: f2d2jbIh2RB-MYQ0AAAB
App 1764907 output: Realtime client disconnected: f2d2jbIh2RB-MYQ0AAAB
App 1764907 output: Realtime client connected: eQJFBKSG0UfRpQ4yAAAD
App 1772482 output: MySQL Connected: localhost/rnbmanag_demokopiniskala
App 1772482 output: POS Server is listening on port 8000
App 1772482 output: Realtime client connected: p6VmS6itUyBMTlO6AAAB
App 1834788 output: MySQL Connected: localhost/rnbmanag_demokopiniskala
App 1834788 output: POS Server is listening on port 8000
App 1834788 output: Realtime client connected: FltjrBpai-5L0yxhAAAB
App 1834788 output: Realtime client connected: -tyaYEFDxt4ANtHWAAAD
App 1834788 output: Realtime client disconnected: -tyaYEFDxt4ANtHWAAAD
App 1834788 output: Realtime client disconnected: FltjrBpai-5L0yxhAAAB
App 1834788 output: Realtime client connected: 0rC-Ek6BZR6LCOYGAAAF
App 1834788 output: Realtime client connected: D4UOLoyUFMmOlDw0AAAH
App 1834788 output: Realtime client disconnected: 0rC-Ek6BZR6LCOYGAAAF
App 1834788 output: Realtime client connected: IOnxyeHkcZigOxNpAAAJ
App 1834788 output: Realtime client disconnected: IOnxyeHkcZigOxNpAAAJ
App 1834788 output: Realtime client connected: YY_p50AtNcXDmHpbAAAL
App 1834788 output: Realtime client connected: bZpFYHDrT2CyMd0-AAAN
App 1834788 output: Realtime client disconnected: bZpFYHDrT2CyMd0-AAAN
App 1834788 output: Realtime client connected: ComV2kKjJCYaNXIlAAAP
App 1834788 output: Realtime client connected: msLF7INY9hnDBdH0AAAR
App 1834788 output: Realtime client disconnected: msLF7INY9hnDBdH0AAAR
App 1834788 output: Realtime client connected: zk5_6MiPzsmEyTj8AAAT
App 1834788 output: Realtime client disconnected: zk5_6MiPzsmEyTj8AAAT
App 1834788 output: Realtime client disconnected: D4UOLoyUFMmOlDw0AAAH
App 1834788 output: Realtime client connected: vqpNvFe2Y3D5r-suAAAV
App 1834788 output: Realtime client connected: VBuk8gzzZgHN0FYiAAAY
App 1834788 output: Realtime client disconnected: ComV2kKjJCYaNXIlAAAP
App 1834788 output: Realtime client connected: 8JJd6M_ruzoTLf4GAAAa
App 1834788 output: Realtime client disconnected: VBuk8gzzZgHN0FYiAAAY
App 1834788 output: Realtime client connected: Y1Ldj8UBicLHyN_kAAAc
App 1834788 output: Realtime client disconnected: Y1Ldj8UBicLHyN_kAAAc
App 1834788 output: Realtime client disconnected: YY_p50AtNcXDmHpbAAAL
App 1834788 output: Realtime client connected: 7D8opFyRdC8X4soUAAAe
App 1834788 output: Realtime client disconnected: 8JJd6M_ruzoTLf4GAAAa
App 1834788 output: Realtime client connected: HsYsb8s17DoSVivyAAAg
App 1834788 output: Realtime client disconnected: HsYsb8s17DoSVivyAAAg
App 2144020 output: MySQL Connected: localhost/rnbmanag_demokopiniskala
App 2144020 output: POS Server is listening on port 8000
App 2144020 output: Realtime client connected: 73LptLNCDb8cRVGeAAAC
App 2144020 output: Realtime client connected: 78hUVHn4ditMuYd0AAAD
App 2144020 output: Realtime client disconnected: 78hUVHn4ditMuYd0AAAD
App 2144020 output: Realtime client connected: iJsmU7O4lL9xYFsfAAAF
App 2144020 output: Realtime client connected: mxi49NYAGjZEfJ7aAAAH
App 2144020 output: Realtime client connected: 8ZUiCT6UhAT-Bk8hAAAJ
App 2144020 output: Realtime client disconnected: 8ZUiCT6UhAT-Bk8hAAAJ
App 2144020 output: Realtime client connected: _o5VGSQaMioL-C5tAAAL
App 2144020 output: Realtime client disconnected: mxi49NYAGjZEfJ7aAAAH
App 2144020 output: Realtime client connected: xHc7CMjZMhHomOcbAAAN
App 2144020 output: Realtime client connected: 3mcFv5ktWks4v_PbAAAP
App 2144020 output: Realtime client disconnected: _o5VGSQaMioL-C5tAAAL
App 2144020 output: Realtime client connected: LCLSEF3X6-9LwFEXAAAR
App 2144020 output: Realtime client disconnected: LCLSEF3X6-9LwFEXAAAR
App 2144020 output: Realtime client disconnected: xHc7CMjZMhHomOcbAAAN
App 2144020 output: Realtime client connected: RSVNQo2wn0_vwSj5AAAT
App 2144020 output: Realtime client connected: -xzwk1YhHvQ0PdkRAAAW
App 2144020 output: Realtime client disconnected: -xzwk1YhHvQ0PdkRAAAW
App 2144020 output: Realtime client disconnected: 3mcFv5ktWks4v_PbAAAP
App 2144020 output: Realtime client disconnected: 73LptLNCDb8cRVGeAAAC
App 2144020 output: Realtime client connected: Y7R8k0ALgX0w5nnOAAAY
App 2144020 output: Realtime client disconnected: RSVNQo2wn0_vwSj5AAAT
App 2144020 output: Realtime client disconnected: iJsmU7O4lL9xYFsfAAAF
App 2144020 output: Realtime client connected: yCs8TfXKyOdv-_p2AAAa
App 2144020 output: Realtime client disconnected: yCs8TfXKyOdv-_p2AAAa
App 2144020 output: Realtime client connected: sJK7NxxLKKeYtOMAAAAc
App 2144020 output: Realtime client disconnected: sJK7NxxLKKeYtOMAAAAc
App 2144020 output: Realtime client disconnected: Y7R8k0ALgX0w5nnOAAAY
App 2375105 output: MySQL Connected: localhost/rnbmanag_demokopiniskala
App 2375105 output: POS Server is listening on port 8000
App 2375105 output: Realtime client connected: 4k91i_hpevroMU9cAAAB
App 2375105 output: Realtime client disconnected: 4k91i_hpevroMU9cAAAB
App 2375105 output: Realtime client connected: FLYeGUC7rL38tViGAAAD
App 2375105 output: Realtime client connected: 7knGSaqGNJsyCZS1AAAF
App 2375105 output: Realtime client connected: vd-MT6XzqVAJqfMIAAAH
App 2375105 output: Realtime client disconnected: FLYeGUC7rL38tViGAAAD
App 2375105 output: Realtime client disconnected: 7knGSaqGNJsyCZS1AAAF
App 2375105 output: Realtime client connected: ksztRFkFP-G-bpnFAAAJ
App 2375105 output: Realtime client connected: 7wzBzWuiO1zj-8PsAAAL
App 2375105 output: Realtime client disconnected: 7wzBzWuiO1zj-8PsAAAL
App 2375105 output: Realtime client connected: 6LtH3sQ1eAkAIphBAAAN
App 2375105 output: Realtime client disconnected: ksztRFkFP-G-bpnFAAAJ
App 2375105 output: Realtime client disconnected: vd-MT6XzqVAJqfMIAAAH
App 2375105 output: Realtime client connected: DscubQGj7Aqvu851AAAP
App 2375105 output: Realtime client disconnected: 6LtH3sQ1eAkAIphBAAAN
App 2375105 output: Realtime client connected: at9RsscbYkwX6ctPAAAR
App 2375105 output: Realtime client disconnected: at9RsscbYkwX6ctPAAAR
App 2375105 output: Realtime client disconnected: DscubQGj7Aqvu851AAAP
App 2375105 output: Realtime client connected: hAoc-giRRwqrUbmaAAAT
App 2375105 output: Realtime client disconnected: hAoc-giRRwqrUbmaAAAT
App 2375105 output: Realtime client connected: QclhclzmNNtEpiDFAAAV
App 2375105 output: Realtime client disconnected: QclhclzmNNtEpiDFAAAV
App 2375105 output: Realtime client connected: m2Sv06iFFXWVUw71AAAX
App 2684441 output: MySQL Connected: localhost/rnbmanag_demokopiniskala
App 2684441 output: POS Server is listening on port 8000
App 2684441 output: Realtime client connected: l8wOip_y4axdCLwMAAAB
App 2714371 output: MySQL Connected: localhost/rnbmanag_demokopiniskala
App 2714371 output: POS Server is listening on port 8000
App 2714371 output: Realtime client connected: iOlY7Hqu7EjL3j-pAAAB
App 2730113 output: MySQL Connected: localhost/rnbmanag_demokopiniskala
App 2730113 output: POS Server is listening on port 8000
App 2730113 output: Realtime client connected: bECiZ2X4j2x5FNfdAAAB
App 2730113 output: Realtime client disconnected: bECiZ2X4j2x5FNfdAAAB
App 2730113 output: Realtime client connected: I5bmctsxq0othU6_AAAD
App 2730113 output: Realtime client disconnected: I5bmctsxq0othU6_AAAD
App 2730113 output: Realtime client connected: OTjiPqp00qY7DKjuAAAF
App 2730113 output: Realtime client disconnected: OTjiPqp00qY7DKjuAAAF
App 2730113 output: Realtime client connected: pbPcVqoQMsmxj5UdAAAH
App 2900973 output: MySQL Connected: localhost/rnbmanag_demokopiniskala
App 2900973 output: POS Server is listening on port 8000
App 2900973 output: Realtime client connected: VpBPEh-irkPYGFShAAAB
App 2908526 output: MySQL Connected: localhost/rnbmanag_demokopiniskala
App 2908526 output: POS Server is listening on port 8000
App 2908526 output: Realtime client connected: N86Tc_gDbnk0FhNkAAAB
App 2908526 output: Realtime client disconnected: N86Tc_gDbnk0FhNkAAAB
App 3144206 output: MySQL Connected: localhost/rnbmanag_demokopiniskala
App 3144206 output: POS Server is listening on port 8000
App 3144206 output: Realtime client connected: ZQkfhSTT0dJ0ACNkAAAB
App 3144206 output: Realtime client disconnected: ZQkfhSTT0dJ0ACNkAAAB
App 3144206 output: Realtime client connected: fDz7JH5DSUyxBofPAAAD
App 3144206 output: Realtime client connected: mE6KeDGCH3FhS8dmAAAF
App 3144206 output: Realtime client disconnected: mE6KeDGCH3FhS8dmAAAF
App 3144206 output: Realtime client disconnected: fDz7JH5DSUyxBofPAAAD
App 3446289 output: MySQL Connected: localhost/rnbmanag_demokopiniskala
App 3446289 output: POS Server is listening on port 8000
App 101450 output: MySQL Connected: localhost/rnbmanag_demokopiniskala
App 101450 output: POS Server is listening on port 8000
App 1725752 output: MySQL Connected: localhost/rnbmanag_demokopiniskala
App 1725752 output: POS Server is listening on port 8000
App 2518877 output: MySQL Connected: localhost/rnbmanag_demokopiniskala
App 2518877 output: POS Server is listening on port 8000
App 2518877 output: Realtime client connected: _4cWhwM4jkhZm3zZAAAB
App 2518877 output: Realtime client disconnected: _4cWhwM4jkhZm3zZAAAB
App 2518877 output: Realtime client connected: 7wT2-E5kckG7ESc7AAAD
App 2518877 output: Realtime client disconnected: 7wT2-E5kckG7ESc7AAAD
App 2518877 output: Realtime client connected: wlQn1fuKM8Ka_k_QAAAF
App 2518877 output: Realtime client disconnected: wlQn1fuKM8Ka_k_QAAAF
App 2518877 output: Realtime client connected: 9TM_H4G1PPITjGD9AAAH
App 2647747 output: MySQL Connected: localhost/rnbmanag_demokopiniskala
App 2647747 output: POS Server is listening on port 8000
App 2647747 output: Realtime client connected: GG3GRoYe01eZLHH-AAAB
App 2647747 output: Realtime client disconnected: GG3GRoYe01eZLHH-AAAB
App 2647747 output: Realtime client connected: zKauhV1VJwESIHeaAAAD
App 2647747 output: Realtime client disconnected: zKauhV1VJwESIHeaAAAD
App 2647747 output: Realtime client connected: 2p4EDFZkjY6su5I4AAAF
App 2757012 output: MySQL Connected: localhost/rnbmanag_demokopiniskala
App 2757012 output: POS Server is listening on port 8000
App 2757012 output: Realtime client connected: Qjaiw_z2-LpnIG8hAAAB
App 2757012 output: Realtime client disconnected: Qjaiw_z2-LpnIG8hAAAB
App 2757012 output: Realtime client connected: rWrfQrgBZYlm90SpAAAD
App 2757012 output: Realtime client disconnected: rWrfQrgBZYlm90SpAAAD
App 2757012 output: Realtime client connected: lUBQBP0dwzWEMzefAAAF
App 2909784 output: MySQL Connected: localhost/rnbmanag_demokopiniskala
App 2909784 output: POS Server is listening on port 8000
App 2909784 output: Realtime client connected: Q5F4NE5Ua15BadfcAAAB
App 2953346 output: MySQL Connected: localhost/rnbmanag_demokopiniskala
App 2953346 output: POS Server is listening on port 8000
App 2953346 output: Realtime client connected: kUVSnvmh3bQzv3U0AAAB
App 2953346 output: Realtime client disconnected: kUVSnvmh3bQzv3U0AAAB
App 2953346 output: Realtime client connected: 7OMI1077VwbcwebRAAAD
App 2953346 output: Realtime client disconnected: 7OMI1077VwbcwebRAAAD
App 2953346 output: Realtime client connected: OG1CyK77H24FtxX5AAAF
App 2953346 output: Realtime client connected: UhjDUVww0UAtvdm0AAAH
App 2953346 output: Realtime client disconnected: UhjDUVww0UAtvdm0AAAH
App 2953346 output: Realtime client connected: pbHk0cZOwaFtLKcWAAAJ
App 2953346 output: Realtime client disconnected: OG1CyK77H24FtxX5AAAF
App 2953346 output: Realtime client disconnected: pbHk0cZOwaFtLKcWAAAJ
App 2953346 output: Realtime client connected: C_go-pCjAbnpQ_IeAAAL
App 2953346 output: Realtime client connected: -4MkoNM-XQpDVDo8AAAN
App 2953346 output: Realtime client disconnected: C_go-pCjAbnpQ_IeAAAL
App 2953346 output: Realtime client disconnected: -4MkoNM-XQpDVDo8AAAN
App 3084378 output: MySQL Connected: localhost/rnbmanag_demokopiniskala
App 3084378 output: POS Server is listening on port 8000
App 3084378 output: Realtime client connected: r70kzUqzssIpxwxQAAAC
App 3084378 output: Realtime client connected: ri74y1DbrGj6mS29AAAE
App 3084378 output: Realtime client disconnected: ri74y1DbrGj6mS29AAAE
App 3084378 output: Realtime client connected: cA3pc1zfRQZErJz8AAAG
App 3084378 output: Realtime client disconnected: cA3pc1zfRQZErJz8AAAG
App 3084378 output: Realtime client connected: IxNg_gjbIUcgute3AAAI
App 3084378 output: Realtime client disconnected: IxNg_gjbIUcgute3AAAI
App 3084378 output: Realtime client connected: fIKnaHoqbL-DWCdTAAAL
App 3084378 output: Realtime client disconnected: r70kzUqzssIpxwxQAAAC
App 3084378 output: Realtime client connected: 6do-UZ0Kap0Tfln3AAAN
App 3084378 output: Realtime client disconnected: fIKnaHoqbL-DWCdTAAAL
App 3084378 output: Realtime client connected: v50ex1VI52gtEyM8AAAQ
App 3084378 output: Realtime client disconnected: v50ex1VI52gtEyM8AAAQ
App 3084378 output: Realtime client connected: wV4r63oKD7vR90D-AAAS
App 3084378 output: Realtime client disconnected: wV4r63oKD7vR90D-AAAS
App 3084378 output: Realtime client connected: 13IV9L6KJlzPm8uVAAAV
App 3084378 output: Realtime client disconnected: 13IV9L6KJlzPm8uVAAAV
App 3084378 output: Realtime client connected: yWltJu4oVuotvjqqAAAX
App 3084378 output: Realtime client disconnected: yWltJu4oVuotvjqqAAAX
App 3084378 output: Realtime client connected: dTabC3KjME4phsUtAAAZ
App 3084378 output: Realtime client disconnected: dTabC3KjME4phsUtAAAZ
App 3084378 output: Realtime client connected: OXBcf4wjDm4uzyUfAAAb
App 3084378 output: Realtime client disconnected: 6do-UZ0Kap0Tfln3AAAN
App 3084378 output: Realtime client connected: ZfgFHWStoQoHLYx9AAAd
App 3084378 output: Realtime client disconnected: ZfgFHWStoQoHLYx9AAAd
App 3084378 output: Realtime client connected: aLWb5iSA-zPw7BqzAAAf
App 3084378 output: Realtime client disconnected: OXBcf4wjDm4uzyUfAAAb
App 3084378 output: Realtime client connected: ppT0O59RkjWSBLqBAAAh
App 3084378 output: Realtime client disconnected: ppT0O59RkjWSBLqBAAAh
App 3084378 output: Realtime client connected: QtrlY03Za8hTBZurAAAj
App 3084378 output: Realtime client disconnected: aLWb5iSA-zPw7BqzAAAf
App 3084378 output: Realtime client connected: w9ub82Ij7L2gV64EAAAl
App 3084378 output: Realtime client disconnected: QtrlY03Za8hTBZurAAAj
App 3084378 output: Realtime client connected: tTTm_yNZLFOfw3sqAAAn
App 3084378 output: Realtime client disconnected: tTTm_yNZLFOfw3sqAAAn
App 3084378 output: Realtime client connected: FBxkddwr8I39MnsbAAAp
App 3084378 output: Realtime client disconnected: FBxkddwr8I39MnsbAAAp
App 3084378 output: Realtime client disconnected: w9ub82Ij7L2gV64EAAAl
App 3084378 output: Realtime client connected: Xk2c__i2lBu7-29HAAAr
App 3437292 output: MySQL Connected: localhost/rnbmanag_demokopiniskala
App 3437292 output: POS Server is listening on port 8000
App 3437292 output: Realtime client connected: zkwZSZ9MaXlFEWoUAAAB
App 3437292 output: Realtime client disconnected: zkwZSZ9MaXlFEWoUAAAB
App 3437292 output: Realtime client connected: PfSVS92SrWcv_NUxAAAD
App 3567177 output: MySQL Connected: localhost/rnbmanag_demokopiniskala
App 3567177 output: POS Server is listening on port 8000
App 3567177 output: Realtime client connected: RUXtt-Bm2hRdZrWGAAAB
App 3567177 output: Realtime client disconnected: RUXtt-Bm2hRdZrWGAAAB
App 3567177 output: Realtime client connected: oPKh7jA-aiAoF5B-AAAD
App 3567177 output: Realtime client disconnected: oPKh7jA-aiAoF5B-AAAD
App 3567177 output: Realtime client connected: gIu8ZZ38V0zbRgsEAAAF
App 3713233 output: MySQL Connected: localhost/rnbmanag_demokopiniskala
App 3713233 output: POS Server is listening on port 8000
App 3713233 output: Realtime client connected: e0Mz63tSqTNkt6ryAAAB
App 3713233 output: Realtime client disconnected: e0Mz63tSqTNkt6ryAAAB
App 3713233 output: Realtime client connected: TmU320LZimPC8YGSAAAD
App 3713233 output: Realtime client connected: dyPmxMs_0_S_R6MTAAAV
App 3713233 output: Realtime client disconnected: dyPmxMs_0_S_R6MTAAAV
App 3834418 output: MySQL Connected: localhost/rnbmanag_demokopiniskala
App 3834418 output: POS Server is listening on port 8000
App 3834418 output: Realtime client connected: 0ElxojzHC46D_oW9AAAB
App 3834418 output: Realtime client disconnected: 0ElxojzHC46D_oW9AAAB
App 3834418 output: Realtime client connected: WIpf1Ysd4ktBs2e3AAAD
App 3834418 output: Realtime client disconnected: WIpf1Ysd4ktBs2e3AAAD
App 3834418 output: Realtime client connected: lK02Ly3CmeWwhjrbAAAF
App 3834418 output: Realtime client disconnected: lK02Ly3CmeWwhjrbAAAF
App 3834418 output: Realtime client connected: pQiZnja0Sc_g_mguAAAH
App 3834418 output: Realtime client disconnected: pQiZnja0Sc_g_mguAAAH
App 3834418 output: Realtime client connected: Iop2unBBCE1L_jgLAAAJ
App 3834418 output: Realtime client disconnected: Iop2unBBCE1L_jgLAAAJ
App 3834418 output: Realtime client connected: iPHxGWlrFRsBoJRIAAAL
App 3834418 output: Realtime client disconnected: iPHxGWlrFRsBoJRIAAAL
App 3834418 output: Realtime client connected: E0VeALmfVHb2jPRsAAAN
App 3834418 output: Realtime client disconnected: E0VeALmfVHb2jPRsAAAN
App 3834418 output: Realtime client connected: SxsfKpmUX9vm6PWcAAAP
App 3834418 output: Realtime client disconnected: SxsfKpmUX9vm6PWcAAAP
App 3834418 output: Realtime client connected: iLfcXiogKSbmaBJnAAAU
App 3834418 output: Realtime client disconnected: iLfcXiogKSbmaBJnAAAU
App 3834418 output: Realtime client connected: 1pqch6bxSAyFKAlkAAAW
App 3834418 output: Realtime client disconnected: 1pqch6bxSAyFKAlkAAAW
App 3834418 output: Realtime client connected: OgcVwCsA333iDvyUAAAY
App 3834418 output: Realtime client disconnected: OgcVwCsA333iDvyUAAAY
App 3834418 output: Realtime client connected: ffbkyns_q5aKvUIHAAAa
App 3834418 output: Realtime client disconnected: ffbkyns_q5aKvUIHAAAa
App 3834418 output: Realtime client connected: hOM8Z_9mi5cOgPL8AAAc
App 3834418 output: Realtime client disconnected: hOM8Z_9mi5cOgPL8AAAc
App 3834418 output: Realtime client connected: _loZg4BR7Q74XMgDAAAe
App 3834418 output: Realtime client disconnected: _loZg4BR7Q74XMgDAAAe
App 3834418 output: Realtime client connected: iV4Ackl0U8kgzydYAAAg
App 3834418 output: Realtime client disconnected: iV4Ackl0U8kgzydYAAAg
App 3834418 output: Realtime client connected: qt9JTcAB0AN50O09AAAi
App 3834418 output: Realtime client connected: 1onp_DU2RC1vIdWhAAAk
App 3834418 output: Realtime client connected: QAt9OvL75f0zzcEGAAAm
App 3834418 output: Realtime client disconnected: qt9JTcAB0AN50O09AAAi
App 3834418 output: Realtime client disconnected: QAt9OvL75f0zzcEGAAAm
App 3834418 output: Realtime client connected: L5KuhKBtzfRx74_6AAAo
App 3834418 output: Realtime client connected: oHRu1ILWT_DbcFanAAAq
App 3834418 output: Realtime client disconnected: 1onp_DU2RC1vIdWhAAAk
App 3834418 output: Realtime client disconnected: oHRu1ILWT_DbcFanAAAq
App 3834418 output: Realtime client connected: GTLuE0nsk-cjf-M9AAAs
App 3834418 output: Realtime client disconnected: L5KuhKBtzfRx74_6AAAo
App 3834418 output: Realtime client disconnected: GTLuE0nsk-cjf-M9AAAs
App 3834418 output: Realtime client connected: tdiuv_fJrYe-hGMXAAAv
App 3834418 output: Realtime client connected: Anud1QdV4eQcR4FeAAAw
App 3834418 output: Realtime client connected: DSCoAPHTIvaGKdJjAAAy
App 3834418 output: Realtime client connected: hWdxMY4cMmmtWIVHAAA0
App 3834418 output: Realtime client disconnected: hWdxMY4cMmmtWIVHAAA0
App 3834418 output: Realtime client connected: LNAzcuKqG-ownMXyAAA2
App 3834418 output: Realtime client disconnected: LNAzcuKqG-ownMXyAAA2
App 3834418 output: Realtime client connected: k_Gmg243z4ZdCmOYAAA4
App 3834418 output: Realtime client disconnected: DSCoAPHTIvaGKdJjAAAy
App 3834418 output: Realtime client disconnected: k_Gmg243z4ZdCmOYAAA4
App 3834418 output: Realtime client connected: v7-FYc8CVUK2UYdyAAA6
App 3834418 output: Realtime client disconnected: Anud1QdV4eQcR4FeAAAw
App 3834418 output: Realtime client disconnected: tdiuv_fJrYe-hGMXAAAv
App 3834418 output: Realtime client disconnected: v7-FYc8CVUK2UYdyAAA6
App 367983 output: MySQL Connected: localhost/rnbmanag_demokopiniskala
App 367983 output: POS Server is listening on port 8000
App 367983 output: Realtime client connected: XXWkF-yPrqFAc7OuAAAJ
App 367983 output: Realtime client connected: EgeLxcvZ76YJc0gzAAAK
App 367983 output: Realtime client connected: syfdA6r_rzXdRQP4AAAL
App 367983 output: Realtime client connected: 7pYSUac9SvW3KlDWAAAN
App 367983 output: Realtime client disconnected: EgeLxcvZ76YJc0gzAAAK
App 367983 output: Realtime client disconnected: syfdA6r_rzXdRQP4AAAL
App 367983 output: Realtime client connected: bAYJKygGBbxWa0oSAAAP
App 367983 output: Realtime client connected: Pt8KkO2-3Fb3X3ZaAAAR
App 367983 output: Realtime client disconnected: 7pYSUac9SvW3KlDWAAAN
App 367983 output: Realtime client connected: Jp1ILhsF4NkyUiASAAAT
App 367983 output: Realtime client disconnected: XXWkF-yPrqFAc7OuAAAJ
App 367983 output: Realtime client connected: 88UT2YazKohUmF18AAAV
App 367983 output: Realtime client connected: TLa9aRdQO46P2GGYAAAX
App 367983 output: Realtime client disconnected: TLa9aRdQO46P2GGYAAAX
App 367983 output: Realtime client connected: BWsYFnDEmaBa6W8eAAAZ
App 367983 output: Realtime client connected: _QZYU8ifecquImOOAAAb
App 367983 output: Realtime client connected: ijcizlGFzDF0-ZKWAAAd
App 367983 output: Realtime client disconnected: Jp1ILhsF4NkyUiASAAAT
App 367983 output: Realtime client disconnected: 88UT2YazKohUmF18AAAV
App 367983 output: Realtime client connected: I_gmPx3Mx0WGOfXRAAAf
App 367983 output: Realtime client connected: BhmykZJPyh4GKYAXAAAh
App 367983 output: Realtime client disconnected: BWsYFnDEmaBa6W8eAAAZ
App 367983 output: Realtime client disconnected: _QZYU8ifecquImOOAAAb
App 367983 output: Realtime client disconnected: ijcizlGFzDF0-ZKWAAAd
App 367983 output: Realtime client connected: 5jQqgWsGeQ_G-j3FAAAj
App 367983 output: Realtime client connected: f0Jhv6pmAAD5CAEvAAAl
App 367983 output: Realtime client connected: uXZVAYAc7DwNC3afAAAn
App 367983 output: Realtime client connected: oRfD41nkr5gsinSlAAAp
App 367983 output: Realtime client disconnected: I_gmPx3Mx0WGOfXRAAAf
App 367983 output: Realtime client disconnected: bAYJKygGBbxWa0oSAAAP
App 367983 output: Realtime client disconnected: 5jQqgWsGeQ_G-j3FAAAj
App 367983 output: Realtime client connected: lkOYk8cJ2W5C5ORhAAAr
App 367983 output: Realtime client connected: fPlGTuuux2haMZTLAAAt
App 367983 output: Realtime client connected: LVMsMO-EDTXjrH0xAAAv
App 367983 output: Realtime client connected: o3zQmjBRUz42c22jAAAx
App 367983 output: Realtime client connected: JJ-PGYEcndwnQO16AAAz
App 367983 output: Realtime client connected: duKwQNW05RVuToACAAA1
App 367983 output: Realtime client connected: CWhmZARltN44Zc1fAAA3
App 367983 output: Realtime client disconnected: f0Jhv6pmAAD5CAEvAAAl
App 367983 output: Realtime client disconnected: lkOYk8cJ2W5C5ORhAAAr
App 367983 output: Realtime client connected: Pw8t20f46gwGBYULAAA5
App 367983 output: Realtime client disconnected: fPlGTuuux2haMZTLAAAt
App 367983 output: Realtime client disconnected: LVMsMO-EDTXjrH0xAAAv
App 367983 output: Realtime client disconnected: o3zQmjBRUz42c22jAAAx
App 367983 output: Realtime client disconnected: JJ-PGYEcndwnQO16AAAz
App 367983 output: Realtime client disconnected: oRfD41nkr5gsinSlAAAp
App 367983 output: Realtime client disconnected: duKwQNW05RVuToACAAA1
App 367983 output: Realtime client disconnected: BhmykZJPyh4GKYAXAAAh
App 367983 output: Realtime client connected: NmGGWyGK3tH_7a7hAAA7
App 367983 output: Realtime client disconnected: Pt8KkO2-3Fb3X3ZaAAAR
App 367983 output: Realtime client connected: s1C2UlrYyNG4DRMKAAA9
App 367983 output: Realtime client disconnected: CWhmZARltN44Zc1fAAA3
App 367983 output: Realtime client disconnected: NmGGWyGK3tH_7a7hAAA7
App 367983 output: Realtime client connected: smryGUy3-kOKwIi1AAA_
App 367983 output: Realtime client disconnected: smryGUy3-kOKwIi1AAA_
App 367983 output: Realtime client disconnected: uXZVAYAc7DwNC3afAAAn
App 367983 output: Realtime client connected: KngUrwmcecO2uDnHAABB
App 367983 output: Realtime client disconnected: KngUrwmcecO2uDnHAABB
App 367983 output: Realtime client disconnected: s1C2UlrYyNG4DRMKAAA9
App 367983 output: Realtime client disconnected: Pw8t20f46gwGBYULAAA5
App 367983 output: Realtime client connected: 6g_rxznN4P0SludBAABE
App 367983 output: Realtime client connected: YSIYkpDwQ0H6OQXHAABF
App 367983 output: Realtime client disconnected: YSIYkpDwQ0H6OQXHAABF
App 367983 output: Realtime client disconnected: 6g_rxznN4P0SludBAABE
App 457844 output: MySQL Connected: localhost/rnbmanag_demokopiniskala
App 457844 output: POS Server is listening on port 8000
App 457844 output: Realtime client connected: zv4PdPdrTAYQWA1PAAAC
App 457844 output: Realtime client connected: 5VqlDA988zlcI4XNAAAD
App 457844 output: Realtime client connected: OEsfUmzVu3spiPSvAAAF
App 457844 output: Realtime client disconnected: OEsfUmzVu3spiPSvAAAF
App 457844 output: Realtime client connected: 1lAxeVRqaV4lIQddAAAH
App 457844 output: Realtime client connected: ZV6BWM6_GUsSFr3sAAAJ
App 457844 output: Realtime client disconnected: 5VqlDA988zlcI4XNAAAD
App 457844 output: Realtime client disconnected: zv4PdPdrTAYQWA1PAAAC
App 457844 output: Realtime client connected: F2Z4OT74EMKWMnqXAAAM
App 457844 output: Realtime client connected: OpjhcfuBzbjnTrxgAAAN
App 457844 output: Realtime client disconnected: 1lAxeVRqaV4lIQddAAAH
App 457844 output: Realtime client connected: V5ZEDyzbSR6vBzPJAAAP
App 457844 output: Realtime client disconnected: ZV6BWM6_GUsSFr3sAAAJ
App 457844 output: Realtime client disconnected: V5ZEDyzbSR6vBzPJAAAP
App 457844 output: Realtime client connected: 5a30ex4VJc82Oy-eAAAR
App 457844 output: Realtime client disconnected: 5a30ex4VJc82Oy-eAAAR
App 457844 output: Realtime client connected: RTPZ-FvliyZGf3_hAAAT
App 457844 output: Realtime client disconnected: RTPZ-FvliyZGf3_hAAAT
App 457844 output: Realtime client connected: zt1mk5NV30FpU5pAAAAV
App 457844 output: Realtime client disconnected: zt1mk5NV30FpU5pAAAAV
App 457844 output: Realtime client connected: JtZiLCwOWDar_wJnAAAX
App 457844 output: Realtime client disconnected: JtZiLCwOWDar_wJnAAAX
App 457844 output: Realtime client connected: ORPWoqmeMefSWugLAAAZ
App 457844 output: Realtime client connected: ggGTaC7_kk5fbJRhAAAb
App 457844 output: Realtime client disconnected: OpjhcfuBzbjnTrxgAAAN
App 457844 output: Realtime client disconnected: ggGTaC7_kk5fbJRhAAAb
App 457844 output: Realtime client connected: IIWj049qEhfe2KewAAAd
App 457844 output: Realtime client connected: CWOaMvq48dHe7t4VAAAf
App 457844 output: Realtime client disconnected: F2Z4OT74EMKWMnqXAAAM
App 457844 output: Realtime client disconnected: ORPWoqmeMefSWugLAAAZ
App 457844 output: Realtime client disconnected: CWOaMvq48dHe7t4VAAAf
App 457844 output: Realtime client connected: PIudaIvC9DJ-XWeMAAAh
App 457844 output: Realtime client disconnected: PIudaIvC9DJ-XWeMAAAh
App 457844 output: Realtime client disconnected: IIWj049qEhfe2KewAAAd
App 582361 output: MySQL Connected: localhost/rnbmanag_demokopiniskala
App 582361 output: POS Server is listening on port 8000
App 582361 output: Realtime client connected: TK45Ml1OqpEVNtcvAAAC
App 582361 output: Realtime client connected: w8lYrFjgqFho37JQAAAD
App 582361 output: Realtime client connected: niofSi7wz4ZLO3jjAAAF
App 582361 output: Realtime client connected: dDWdJm9IkbUTGJxMAAAH
App 582361 output: Realtime client connected: qUQWYCO9zGDYPuCmAAAJ
App 582361 output: Realtime client connected: 1G4GI4s-QGuNsL03AAAL
App 582361 output: Realtime client disconnected: 1G4GI4s-QGuNsL03AAAL
App 582361 output: Realtime client connected: pDiLiIP3iF8J5taVAAAN
App 582361 output: Realtime client disconnected: niofSi7wz4ZLO3jjAAAF
App 582361 output: Realtime client disconnected: dDWdJm9IkbUTGJxMAAAH
App 582361 output: Realtime client disconnected: qUQWYCO9zGDYPuCmAAAJ
App 582361 output: Realtime client disconnected: pDiLiIP3iF8J5taVAAAN
App 582361 output: Realtime client disconnected: w8lYrFjgqFho37JQAAAD
App 582361 output: Realtime client connected: 1IDfqlkRHy2-oRdNAAAP
App 582361 output: Realtime client connected: j2TQhKgk0ABFZqKxAAAR
App 582361 output: Realtime client disconnected: j2TQhKgk0ABFZqKxAAAR
App 582361 output: Realtime client connected: xTb5IAPClbLO8eT4AAAT
App 582361 output: Realtime client connected: 6RTuDrZVhOyfjVShAAAV
App 582361 output: Realtime client connected: AAE2SzShWX-xIvtDAAAX
App 582361 output: Realtime client disconnected: xTb5IAPClbLO8eT4AAAT
App 582361 output: Realtime client connected: LjutWSegZfh9io62AAAZ
App 582361 output: Realtime client disconnected: 6RTuDrZVhOyfjVShAAAV
App 582361 output: Realtime client disconnected: AAE2SzShWX-xIvtDAAAX
App 582361 output: Realtime client connected: 8eAiV4qOddyvMm-7AAAb
App 582361 output: Realtime client disconnected: 8eAiV4qOddyvMm-7AAAb
App 582361 output: Realtime client connected: 4BYefPeX4p7aC4V8AAAd
App 582361 output: Realtime client disconnected: 4BYefPeX4p7aC4V8AAAd
App 582361 output: Realtime client connected: zMbL9z-J3BCwURu_AAAf
App 582361 output: Realtime client disconnected: TK45Ml1OqpEVNtcvAAAC
App 582361 output: Realtime client disconnected: 1IDfqlkRHy2-oRdNAAAP
App 582361 output: Realtime client connected: OPmhFp-gNog_3PgGAAAh
App 582361 output: Realtime client connected: f03hAvkLK-AYGJnnAAAj
App 582361 output: Realtime client disconnected: zMbL9z-J3BCwURu_AAAf
App 582361 output: Realtime client connected: YP3V2DhoZvr80aAJAAAl
App 582361 output: Realtime client disconnected: YP3V2DhoZvr80aAJAAAl
App 582361 output: Realtime client connected: UWv49gm_s05tuu8zAAAn
App 582361 output: Realtime client disconnected: UWv49gm_s05tuu8zAAAn
App 582361 output: Realtime client connected: T1AVahTwU3AaWq7tAAAp
App 582361 output: Realtime client disconnected: T1AVahTwU3AaWq7tAAAp
App 582361 output: Realtime client connected: uvurfO_fr3DQSm6KAAAr
App 582361 output: Realtime client disconnected: uvurfO_fr3DQSm6KAAAr
App 582361 output: Realtime client connected: pp_a9JLUDXxciAb4AAAt
App 582361 output: Realtime client disconnected: pp_a9JLUDXxciAb4AAAt
App 582361 output: Realtime client connected: OS7_5r9UD5n7j0apAAAv
App 582361 output: Realtime client disconnected: OPmhFp-gNog_3PgGAAAh
App 582361 output: Realtime client disconnected: OS7_5r9UD5n7j0apAAAv
App 582361 output: Realtime client connected: iDfakxkcnElg5t-FAAAx
App 582361 output: Realtime client disconnected: LjutWSegZfh9io62AAAZ
App 582361 output: Realtime client disconnected: iDfakxkcnElg5t-FAAAx
App 582361 output: Realtime client connected: 0BV_pNz8tESRL8OdAAAz
App 582361 output: Realtime client connected: 4guZxnOzCy0luYssAAA1
App 582361 output: Realtime client disconnected: 0BV_pNz8tESRL8OdAAAz
App 582361 output: Realtime client connected: Ir3KolxoC6VXh8y-AAA3
App 582361 output: Realtime client connected: fDFBQ2et4rk-5rNNAAA5
App 582361 output: Realtime client connected: E_zxmm6JFaugZStIAAA7
App 582361 output: Realtime client disconnected: E_zxmm6JFaugZStIAAA7
App 582361 output: Realtime client connected: XZyzCfo4VNb7ad20AAA9
App 582361 output: Realtime client connected: OLJZPsy7nnX6z3EgAAA_
App 582361 output: Realtime client disconnected: Ir3KolxoC6VXh8y-AAA3
App 582361 output: Realtime client disconnected: fDFBQ2et4rk-5rNNAAA5
App 582361 output: Realtime client disconnected: XZyzCfo4VNb7ad20AAA9
App 582361 output: Realtime client connected: wZix65I9ZfmXFkWCAABB
App 582361 output: Realtime client disconnected: wZix65I9ZfmXFkWCAABB
App 582361 output: Realtime client connected: ZJOzw2Gw62lEZA0pAABD
App 582361 output: Realtime client connected: 6AFR_1O76n6wLpCzAABF
App 582361 output: Realtime client disconnected: OLJZPsy7nnX6z3EgAAA_
App 582361 output: Realtime client disconnected: ZJOzw2Gw62lEZA0pAABD
App 582361 output: Realtime client disconnected: 6AFR_1O76n6wLpCzAABF
App 582361 output: Realtime client connected: wdTskFzHijj5vGXeAABH
App 582361 output: Realtime client disconnected: 4guZxnOzCy0luYssAAA1
App 582361 output: Realtime client connected: aaUvI9zrex8HZK4cAABJ
App 582361 output: Realtime client disconnected: wdTskFzHijj5vGXeAABH
App 582361 output: Realtime client connected: i1S1cHJbc_AulTUUAABL
App 582361 output: Realtime client disconnected: aaUvI9zrex8HZK4cAABJ
App 582361 output: Realtime client connected: lvzEFfChnlPOSDFIAABN
App 582361 output: Realtime client disconnected: i1S1cHJbc_AulTUUAABL
App 582361 output: Realtime client connected: 0Em8uza8T-Y_TrgPAABP
App 582361 output: Realtime client disconnected: 0Em8uza8T-Y_TrgPAABP
App 582361 output: Realtime client connected: 0Hw4fjM17wINrNgIAABR
App 582361 output: Realtime client disconnected: 0Hw4fjM17wINrNgIAABR
App 582361 output: Realtime client connected: 6JvBRGnJTw-QQKoXAABT
App 582361 output: Realtime client disconnected: 6JvBRGnJTw-QQKoXAABT
App 582361 output: Realtime client connected: _pqrn5sBV-xYm7LTAABV
App 582361 output: Realtime client disconnected: _pqrn5sBV-xYm7LTAABV
App 582361 output: Realtime client connected: sfDYc4YDNKzdZuPsAABX
App 582361 output: Realtime client connected: AMLRCVGx1wvtCJXMAABZ
App 582361 output: Realtime client disconnected: lvzEFfChnlPOSDFIAABN
App 582361 output: Realtime client disconnected: sfDYc4YDNKzdZuPsAABX
App 582361 output: Realtime client connected: SNQ64hDWb1kwKNlgAABb
App 582361 output: Realtime client disconnected: SNQ64hDWb1kwKNlgAABb
App 582361 output: Realtime client connected: Zz4KDCUhrKxLTUNSAABd
App 582361 output: Realtime client disconnected: AMLRCVGx1wvtCJXMAABZ
App 582361 output: Realtime client disconnected: Zz4KDCUhrKxLTUNSAABd
App 582361 output: Realtime client connected: jD8DTY_ioYyUOfmJAABf
App 582361 output: Realtime client disconnected: jD8DTY_ioYyUOfmJAABf
App 582361 output: Realtime client connected: bluN1CV69paPv-7FAABh
App 582361 output: Realtime client connected: sEoPV-L6QdtS3knqAABj
App 582361 output: Realtime client disconnected: bluN1CV69paPv-7FAABh
App 582361 output: Realtime client connected: AQY_Y1D0JxRnSqmeAABl
App 582361 output: Realtime client connected: 10RwTEWmi1Is4tkqAABn
App 582361 output: Realtime client disconnected: 10RwTEWmi1Is4tkqAABn
App 582361 output: Realtime client disconnected: AQY_Y1D0JxRnSqmeAABl
App 582361 output: Realtime client connected: FuO3RYdfY0IuqDYTAABq
App 582361 output: Realtime client connected: IRCgmZAq1HM51bEMAABs
App 582361 output: Realtime client disconnected: IRCgmZAq1HM51bEMAABs
App 582361 output: Realtime client connected: -M07poFYJRWaW5OTAABu
App 582361 output: Realtime client disconnected: sEoPV-L6QdtS3knqAABj
App 582361 output: Realtime client disconnected: -M07poFYJRWaW5OTAABu
App 582361 output: Realtime client connected: AajJvNsijhv4mBlTAABw
App 582361 output: Realtime client disconnected: FuO3RYdfY0IuqDYTAABq
App 582361 output: Realtime client disconnected: AajJvNsijhv4mBlTAABw
App 582361 output: Realtime client disconnected: f03hAvkLK-AYGJnnAAAj
App 582361 output: Realtime client connected: ZqmXyfip8-Rz8UsJAABy
App 768902 output: MySQL Connected: localhost/rnbmanag_demokopiniskala
App 768902 output: POS Server is listening on port 8000
App 768902 output: Realtime client connected: 2davypdmTiNsGx-lAAAB
App 768902 output: Realtime client connected: QpCExT9pis5Q4YFTAAAD
App 768902 output: Realtime client disconnected: QpCExT9pis5Q4YFTAAAD
App 768902 output: Realtime client connected: 1wHJ3cq7CqbC5BP7AAAF
App 768902 output: Realtime client connected: _911OqYm2PxPZNiJAAAH
App 768902 output: Realtime client disconnected: _911OqYm2PxPZNiJAAAH
App 768902 output: Realtime client connected: l3PUN3yRhL6vlJ7GAAAJ
App 768902 output: Realtime client disconnected: 2davypdmTiNsGx-lAAAB
App 768902 output: Realtime client disconnected: 1wHJ3cq7CqbC5BP7AAAF
App 768902 output: Realtime client connected: XqSrzUY2x4iBwJOSAAAL
App 768902 output: Realtime client connected: fR5KMiuqiBqo8BzoAAAN
App 768902 output: Realtime client disconnected: l3PUN3yRhL6vlJ7GAAAJ
App 768902 output: Realtime client disconnected: XqSrzUY2x4iBwJOSAAAL
App 768902 output: Realtime client connected: bLkoZRmB6rp7hJkEAAAP
App 768902 output: Realtime client disconnected: bLkoZRmB6rp7hJkEAAAP
App 768902 output: Realtime client connected: 3tSJ7qbr611eHZvqAAAR
App 768902 output: Realtime client connected: TkRghEkPmIQVyFY_AAAT
App 768902 output: Realtime client connected: rDXAQQiVAULdBhM5AAAX
App 768902 output: Realtime client connected: St7RSX7DYzzInkjGAAAY
App 768902 output: Realtime client connected: zxTCIsHOciTnCiTLAAAZ
App 768902 output: Realtime client disconnected: zxTCIsHOciTnCiTLAAAZ
App 768902 output: Realtime client disconnected: rDXAQQiVAULdBhM5AAAX
App 768902 output: Realtime client connected: hTwjIwCM4t0EEQ_YAAAb
App 768902 output: Realtime client connected: MaqeKv8uFpj2kRWNAAAd
App 768902 output: Realtime client disconnected: TkRghEkPmIQVyFY_AAAT
App 768902 output: Realtime client connected: vZ2TFQIz_hjuVxtmAAAf
App 768902 output: Realtime client disconnected: 3tSJ7qbr611eHZvqAAAR
App 768902 output: Realtime client disconnected: vZ2TFQIz_hjuVxtmAAAf
App 768902 output: Realtime client disconnected: St7RSX7DYzzInkjGAAAY
App 768902 output: Realtime client connected: V-zruVrs-IeHJ9KKAAAh
App 768902 output: Realtime client disconnected: fR5KMiuqiBqo8BzoAAAN
App 768902 output: Realtime client disconnected: hTwjIwCM4t0EEQ_YAAAb
App 768902 output: Realtime client disconnected: MaqeKv8uFpj2kRWNAAAd
App 768902 output: Realtime client connected: 7vkF6_23CF8JzHAhAAAj
App 768902 output: Realtime client disconnected: V-zruVrs-IeHJ9KKAAAh
App 768902 output: Realtime client connected: uRpQKIek1CWC6YzGAAAl
App 768902 output: Realtime client disconnected: uRpQKIek1CWC6YzGAAAl
App 768902 output: Realtime client connected: vkkXJ9-CMCtWi8hPAAAn
App 768902 output: Realtime client disconnected: 7vkF6_23CF8JzHAhAAAj
App 768902 output: Realtime client disconnected: vkkXJ9-CMCtWi8hPAAAn
App 768902 output: Realtime client connected: S1f3QLKSYjLDasVcAAAp
App 768902 output: Realtime client connected: G55yUZFp1W8KkoHgAAAr
App 768902 output: Realtime client disconnected: S1f3QLKSYjLDasVcAAAp
App 768902 output: Realtime client connected: eOz_cFoDnNLIpWz_AAAt
App 768902 output: Realtime client connected: Anq108isy8L9Qnn_AAAv
App 768902 output: Realtime client disconnected: Anq108isy8L9Qnn_AAAv
App 768902 output: Realtime client connected: pS3nf51o3CkoGUl6AAAx
App 768902 output: Realtime client disconnected: eOz_cFoDnNLIpWz_AAAt
App 768902 output: Realtime client disconnected: pS3nf51o3CkoGUl6AAAx
App 768902 output: Realtime client disconnected: G55yUZFp1W8KkoHgAAAr
App 768902 output: Realtime client connected: AN5YQV9YEXkRkqAsAAAz
App 768902 output: Realtime client connected: 7xt9NX2u-dzNAhnFAAA1
App 985180 output: MySQL Connected: localhost/rnbmanag_demokopiniskala
App 985180 output: POS Server is listening on port 8000
App 985180 output: Realtime client connected: H8LoNFfnKjv8SWMbAAAB
App 985180 output: Realtime client connected: d3XBb5rWqx5KlRp-AAAD
App 985180 output: Realtime client disconnected: d3XBb5rWqx5KlRp-AAAD
App 985180 output: Realtime client connected: SPN8WbguGldH4asAAAAF
App 985180 output: Realtime client connected: 3L-PIMXnYdovp038AAAH
App 985180 output: Realtime client disconnected: H8LoNFfnKjv8SWMbAAAB
App 985180 output: Realtime client disconnected: 3L-PIMXnYdovp038AAAH
App 985180 output: Realtime client connected: 9Ian8ywRHZa_XXNXAAAJ
App 985180 output: Realtime client disconnected: 9Ian8ywRHZa_XXNXAAAJ
App 985180 output: Realtime client connected: iiyEWstSFe75HGmuAAAL
App 985180 output: Realtime client disconnected: iiyEWstSFe75HGmuAAAL
App 985180 output: Realtime client disconnected: SPN8WbguGldH4asAAAAF
App 985180 output: Realtime client connected: URhGIv2xyMlZWuTgAAAN
App 985180 output: Realtime client disconnected: URhGIv2xyMlZWuTgAAAN
App 985180 output: Realtime client connected: Td8MX2Dg0ENFWHeLAAAP
App 1328875 output: MySQL Connected: localhost/rnbmanag_demokopiniskala
App 1328875 output: POS Server is listening on port 8000
App 1328875 output: Realtime client connected: DgSDnvXh8-6MWPZKAAAB
App 1328875 output: Realtime client disconnected: DgSDnvXh8-6MWPZKAAAB
App 1328875 output: Realtime client connected: R8Cm9isZFEFkYuR6AAAD
App 1328875 output: Realtime client disconnected: R8Cm9isZFEFkYuR6AAAD
App 1328875 output: Realtime client connected: wDJmGYR4VSb6C1S7AAAF
App 1476117 output: MySQL Connected: localhost/rnbmanag_demokopiniskala
App 1476117 output: POS Server is listening on port 8000
App 1476117 output: Realtime client connected: o5EvlxLG0SRl-TWUAAAB
App 1476117 output: Realtime client disconnected: o5EvlxLG0SRl-TWUAAAB
App 1476117 output: Realtime client connected: DB8H5RW_50Su0kPrAAAD
App 1476117 output: Realtime client disconnected: DB8H5RW_50Su0kPrAAAD
App 1476117 output: Realtime client connected: yJVzhxCYoHsuAHQMAAAF
App 1614240 output: MySQL Connected: localhost/rnbmanag_demokopiniskala
App 1614240 output: POS Server is listening on port 8000
App 1614240 output: Realtime client connected: izlN_Kf0xbm0nwjJAAAB
App 1614240 output: Realtime client disconnected: izlN_Kf0xbm0nwjJAAAB
App 1614240 output: Realtime client connected: E-D1ZJ804KDg9SqEAAAD
App 1614240 output: Realtime client connected: _RiyUb8ZKONte2s6AAAF
App 1614240 output: Realtime client disconnected: E-D1ZJ804KDg9SqEAAAD
App 1614240 output: Realtime client connected: T9BxxE9MhnWNDnLkAAAH
App 1614240 output: Realtime client disconnected: T9BxxE9MhnWNDnLkAAAH
App 1614240 output: Realtime client connected: 5oNcDD1qZxGz-aN3AAAJ
App 1614240 output: Realtime client disconnected: _RiyUb8ZKONte2s6AAAF
App 1767504 output: MySQL Connected: localhost/rnbmanag_demokopiniskala
App 1767504 output: POS Server is listening on port 8000
App 1767504 output: Realtime client connected: _iVYzR1bg7q-svVHAAAB
App 1767504 output: Realtime client disconnected: _iVYzR1bg7q-svVHAAAB
App 1767504 output: Realtime client connected: dW3-YpumxKQOQhLqAAAD
App 1767504 output: Realtime client connected: Hl7VuVUWeTyYXpaPAAAF
App 1767504 output: Realtime client disconnected: Hl7VuVUWeTyYXpaPAAAF
App 1767504 output: Realtime client connected: TUYbyBWdwTTIUBkEAAAH
App 1767504 output: Realtime client disconnected: dW3-YpumxKQOQhLqAAAD
App 1767504 output: Realtime client connected: fcxvkfDZKxmCktveAAAJ
App 1767504 output: Realtime client connected: A0S1H46UH6E5NHW0AAAL
App 1767504 output: Realtime client disconnected: fcxvkfDZKxmCktveAAAJ
App 1767504 output: Realtime client disconnected: TUYbyBWdwTTIUBkEAAAH
App 1767504 output: Realtime client disconnected: A0S1H46UH6E5NHW0AAAL
App 1767504 output: Realtime client connected: z97Aq2QleCLrYscrAAAN
App 1767504 output: Realtime client connected: DxK4Ccgt6MOf4AkWAAAP
App 1767504 output: Realtime client connected: rg3lAv7XxCT5OamoAAAR
App 1767504 output: Realtime client disconnected: z97Aq2QleCLrYscrAAAN
App 1767504 output: Realtime client disconnected: DxK4Ccgt6MOf4AkWAAAP
App 1767504 output: Realtime client connected: BeJU2WcStWE5CGA4AAAT
App 1767504 output: Realtime client connected: c-Eo5Ob41T0HcfRPAAAV
App 1767504 output: Realtime client disconnected: c-Eo5Ob41T0HcfRPAAAV
App 1767504 output: Realtime client connected: a91SoW1looX4edbyAAAX
App 1767504 output: Realtime client disconnected: rg3lAv7XxCT5OamoAAAR
App 1767504 output: Realtime client disconnected: BeJU2WcStWE5CGA4AAAT
App 1767504 output: Realtime client connected: 71vvFP07A-fxa2eRAAAZ
App 1767504 output: Realtime client connected: VTXszaS1o6tZtOHgAAAb
App 1767504 output: Realtime client disconnected: 71vvFP07A-fxa2eRAAAZ
App 1767504 output: Realtime client connected: BlM_tr8nZ9lHJbSWAAAd
App 1767504 output: Realtime client disconnected: BlM_tr8nZ9lHJbSWAAAd
App 1767504 output: Realtime client connected: 1vMBu2caP_XuDcFiAAAf
App 1767504 output: Realtime client disconnected: VTXszaS1o6tZtOHgAAAb
App 1767504 output: Realtime client disconnected: 1vMBu2caP_XuDcFiAAAf
App 1767504 output: Realtime client connected: Q0Rc5dkkYICTXg6lAAAh
App 1767504 output: Realtime client disconnected: a91SoW1looX4edbyAAAX
App 1767504 output: Realtime client disconnected: Q0Rc5dkkYICTXg6lAAAh
App 1767504 output: Realtime client connected: fbi6xJirpqnE_q20AAAj
App 1926857 output: MySQL Connected: localhost/rnbmanag_demokopiniskala
App 1926857 output: POS Server is listening on port 8000
App 1926857 output: Realtime client connected: Ht3gS4yLmIKrqfITAAAB
App 1926857 output: Realtime client disconnected: Ht3gS4yLmIKrqfITAAAB
App 1926857 output: Realtime client connected: e8L2IjdsIXuFsrgxAAAD
App 1926857 output: Realtime client disconnected: e8L2IjdsIXuFsrgxAAAD
App 1926857 output: Realtime client connected: rctdgVEhd0W7smXlAAAF
App 1926857 output: Realtime client disconnected: rctdgVEhd0W7smXlAAAF
App 1926857 output: Realtime client connected: FEiQ3HL89L-1z9GeAAAH
App 1926857 output: Realtime client disconnected: FEiQ3HL89L-1z9GeAAAH
App 1926857 output: Realtime client connected: cwHBDWN5CNCPr88bAAAJ
App 1926857 output: Realtime client disconnected: cwHBDWN5CNCPr88bAAAJ
App 584613 output: MySQL Connected: localhost/rnbmanag_demokopiniskala
App 584613 output: POS Server is listening on port 8000
App 1111500 output: MySQL Connected: localhost/rnbmanag_demokopiniskala
App 1111500 output: POS Server is listening on port 8000
App 3058076 output: MySQL Connected: localhost/rnbmanag_demokopiniskala
App 3058076 output: POS Server is listening on port 8000
App 3830445 output: MySQL Connected: localhost/rnbmanag_demokopiniskala
App 3830445 output: POS Server is listening on port 8000
App 172099 output: MySQL Connected: localhost/rnbmanag_demokopiniskala
App 172099 output: POS Server is listening on port 8000
App 172099 output: Realtime client connected: oA6lCcQyMYRuGXMhAAAB
App 172099 output: Realtime client disconnected: oA6lCcQyMYRuGXMhAAAB
App 172099 output: Realtime client connected: yqPI4kV_-mCCNskLAAAD
App 172099 output: Realtime client disconnected: yqPI4kV_-mCCNskLAAAD
App 172099 output: Realtime client connected: dyF3_6FeubvUSmPPAAAF
App 325037 output: MySQL Connected: localhost/rnbmanag_demokopiniskala
App 325037 output: POS Server is listening on port 8000
App 485229 output: MySQL Connected: localhost/rnbmanag_demokopiniskala
App 485229 output: POS Server is listening on port 8000
App 485229 output: Realtime client connected: l4pMkozWi9bBw7afAAAC
App 485229 output: Realtime client disconnected: l4pMkozWi9bBw7afAAAC
App 485229 output: Realtime client connected: hDObMlo7T3E1PCAAAAAE
App 485229 output: Realtime client disconnected: hDObMlo7T3E1PCAAAAAE
App 485229 output: Realtime client connected: _uwgblxDT5H5v3jgAAAG
App 485229 output: Realtime client disconnected: _uwgblxDT5H5v3jgAAAG
App 485229 output: Realtime client connected: 2hcaqqimWytm53iDAAAI
App 485229 output: Realtime client disconnected: 2hcaqqimWytm53iDAAAI
App 659535 output: MySQL Connected: localhost/rnbmanag_demokopiniskala
App 659535 output: POS Server is listening on port 8000
App 870331 output: MySQL Connected: localhost/rnbmanag_demokopiniskala
App 870331 output: POS Server is listening on port 8000
App 1103930 output: MySQL Connected: localhost/rnbmanag_demokopiniskala
App 1103930 output: POS Server is listening on port 8000
App 1103930 output: Realtime client connected: ZEk45zHCI2RGhW8SAAAC
App 1103930 output: Realtime client disconnected: ZEk45zHCI2RGhW8SAAAC
App 1103930 output: Realtime client connected: O9NI22YqJUl5JHNsAAAE
App 1103930 output: Realtime client disconnected: O9NI22YqJUl5JHNsAAAE
App 1345294 output: MySQL Connected: localhost/rnbmanag_demokopiniskala
App 1345294 output: POS Server is listening on port 8000
App 1367716 output: MySQL Connected: localhost/rnbmanag_demokopiniskala
App 1367716 output: POS Server is listening on port 8000
App 1367716 output: Realtime client connected: s_a68GsP86SGIZayAAAB
App 1369271 output: MySQL Connected: localhost/rnbmanag_demokopiniskala
App 1369271 output: POS Server is listening on port 8000
App 1369271 output: Realtime client connected: qgqCWFhGMi2eFVRZAAAB
App 1369271 output: Realtime client connected: kvmH0tc6lqxUXygIAAAD
App 1369271 output: Realtime client connected: TkN-uG57vDcSV3SPAAAF
App 1369271 output: Realtime client disconnected: qgqCWFhGMi2eFVRZAAAB
App 1369271 output: Realtime client disconnected: kvmH0tc6lqxUXygIAAAD
App 1369271 output: Realtime client disconnected: TkN-uG57vDcSV3SPAAAF
App 1369271 output: Realtime client connected: _9mm1Ij3fsNfwy-QAAAH
App 1369271 output: Realtime client disconnected: _9mm1Ij3fsNfwy-QAAAH
App 1369271 output: Realtime client connected: pKWZ1A5sWpXHVY4VAAAJ
App 1369271 output: Realtime client disconnected: pKWZ1A5sWpXHVY4VAAAJ
App 1723344 output: MySQL Connected: localhost/rnbmanag_demokopiniskala
App 1723344 output: POS Server is listening on port 8000
App 1723344 output: Realtime client connected: M7TCDSJsrcWYuW0bAAAB
App 1723344 output: Realtime client disconnected: M7TCDSJsrcWYuW0bAAAB
App 1723344 output: Realtime client connected: uFAunPpK7udQ9pTyAAAD
App 1723344 output: Realtime client connected: 1EXDianE9IX-q0SxAAAF
App 1723344 output: Realtime client disconnected: uFAunPpK7udQ9pTyAAAD
App 1723344 output: Realtime client disconnected: 1EXDianE9IX-q0SxAAAF
App 1939984 output: MySQL Connected: localhost/rnbmanag_demokopiniskala
App 1939984 output: POS Server is listening on port 8000
App 2470281 output: MySQL Connected: localhost/rnbmanag_demokopiniskala
App 2470281 output: POS Server is listening on port 8000
App 2673663 output: MySQL Connected: localhost/rnbmanag_demokopiniskala
App 2673663 output: POS Server is listening on port 8000
App 2764510 output: MySQL Connected: localhost/rnbmanag_demokopiniskala
App 2764510 output: POS Server is listening on port 8000
App 2764510 output: Realtime client connected: 76h__tp4jITb7of5AAAB
App 2764510 output: Realtime client disconnected: 76h__tp4jITb7of5AAAB
App 2764510 output: Realtime client connected: SNjMaAni1MLnGoWTAAAD
App 2764510 output: Realtime client disconnected: SNjMaAni1MLnGoWTAAAD
App 3186703 output: MySQL Connected: localhost/rnbmanag_demokopiniskala
App 3186703 output: POS Server is listening on port 8000
App 320580 output: MySQL Connected: localhost/rnbmanag_demokopiniskala
App 320580 output: POS Server is listening on port 8000
App 320580 output: Realtime client connected: oBJZTrYWgYmJP76aAAAB
App 320580 output: Realtime client disconnected: oBJZTrYWgYmJP76aAAAB
App 1258441 output: MySQL Connected: localhost/rnbmanag_demokopiniskala
App 1258441 output: POS Server is listening on port 8000
App 1258441 output: Realtime client connected: poMKYbkFfOsHYAMOAAAB
App 1258441 output: Realtime client disconnected: poMKYbkFfOsHYAMOAAAB
App 2011690 output: MySQL Connected: localhost/rnbmanag_demokopiniskala
App 2011690 output: POS Server is listening on port 8000
App 3458777 output: MySQL Connected: localhost/rnbmanag_demokopiniskala
App 3458777 output: POS Server is listening on port 8000
App 3458777 output: Realtime client connected: U8RzAu1ew8paBsZyAAAB
App 3458777 output: Realtime client disconnected: U8RzAu1ew8paBsZyAAAB
App 3458777 output: Realtime client connected: birDO1_Jsxeqv3RyAAAD
App 3458777 output: Realtime client disconnected: birDO1_Jsxeqv3RyAAAD
App 3458777 output: Realtime client connected: QjeGjyxsVn247saXAAAF
App 3907921 output: MySQL Connected: localhost/rnbmanag_demokopiniskala
App 3907921 output: POS Server is listening on port 8000
App 3907921 output: Realtime client connected: 9fCpFowwbaSZoOpcAAAB
App 3907921 output: Realtime client disconnected: 9fCpFowwbaSZoOpcAAAB
App 3907921 output: Realtime client connected: xR9rDalb56ZXpqeSAAAD
App 3907921 output: Realtime client disconnected: xR9rDalb56ZXpqeSAAAD
App 841010 output: MySQL Connected: localhost/rnbmanag_demokopiniskala
App 841010 output: POS Server is listening on port 8000
App 841010 output: Realtime client connected: B_xod_1i7YOIrcjWAAAB
App 841010 output: Realtime client disconnected: B_xod_1i7YOIrcjWAAAB
App 841010 output: Realtime client connected: XcvQrwAQ0pm1_-B4AAAD
App 841010 output: Realtime client disconnected: XcvQrwAQ0pm1_-B4AAAD
App 376225 output: MySQL Connected: localhost/rnbmanag_demokopiniskala
App 376225 output: POS Server is listening on port 8000
App 477970 output: MySQL Connected: localhost/rnbmanag_demokopiniskala
App 477970 output: POS Server is listening on port 8000
App 479512 output: MySQL Connected: localhost/rnbmanag_demokopiniskala
App 479512 output: POS Server is listening on port 8000
App 479512 output: Realtime client connected: Uekqz93YtF0MDG1UAAAB
App 479512 output: Realtime client disconnected: Uekqz93YtF0MDG1UAAAB
App 479512 output: Realtime client connected: vwmtim4WY7NNebsIAAAD
App 479512 output: Realtime client disconnected: vwmtim4WY7NNebsIAAAD
App 479512 output: Realtime client connected: bLNxzHuhTmt0rLWkAAAF
App 479512 output: Realtime client connected: N8r_ADDNQyzkInrPAAAH
App 479512 output: Realtime client disconnected: N8r_ADDNQyzkInrPAAAH
App 479512 output: Realtime client connected: 0AS8ol52jZlSuoPHAAAJ
App 479512 output: Realtime client disconnected: bLNxzHuhTmt0rLWkAAAF
App 479512 output: Realtime client connected: A7r-rzrbcLKSVqmAAAAL
App 479512 output: Realtime client disconnected: A7r-rzrbcLKSVqmAAAAL
App 479512 output: Realtime client connected: koLLkTItywqnx1LTAAAN
App 479512 output: Realtime client disconnected: 0AS8ol52jZlSuoPHAAAJ
App 479512 output: Realtime client connected: 0R2dVrhdh3xwu7B0AAAP
App 479512 output: Realtime client disconnected: koLLkTItywqnx1LTAAAN
App 479512 output: Realtime client connected: MGfvMmODPz4m_aPBAAAR
App 479512 output: Realtime client disconnected: MGfvMmODPz4m_aPBAAAR
App 479512 output: Realtime client connected: osLMnnhgHvP-irmpAAAT
App 479512 output: Realtime client disconnected: osLMnnhgHvP-irmpAAAT
App 479512 output: Realtime client disconnected: 0R2dVrhdh3xwu7B0AAAP
App 479512 output: Realtime client connected: cQmlbRIiBPHIM6_PAAAV
App 479512 output: Realtime client connected: uwzlCyem6RMxds6tAAAX
App 479512 output: Realtime client disconnected: uwzlCyem6RMxds6tAAAX
App 479512 output: Realtime client connected: JlY504O2ZwHYq8ajAAAZ
App 479512 output: Realtime client connected: rclQ99c_INM7v9gvAAAb
App 479512 output: Realtime client disconnected: JlY504O2ZwHYq8ajAAAZ
App 479512 output: Realtime client disconnected: rclQ99c_INM7v9gvAAAb
App 479512 output: Realtime client connected: aVBsbpEmNaU-O5oyAAAd
App 479512 output: Realtime client disconnected: aVBsbpEmNaU-O5oyAAAd
App 479512 output: Realtime client connected: AVpZ7vyTGd5377geAAAf
App 479512 output: Realtime client disconnected: AVpZ7vyTGd5377geAAAf
App 479512 output: Realtime client connected: NAZrG4bZKWnQ-dfaAAAh
App 479512 output: Realtime client disconnected: NAZrG4bZKWnQ-dfaAAAh
App 479512 output: Realtime client connected: oJMM_03yKCh0gV8nAAAj
App 479512 output: Realtime client disconnected: oJMM_03yKCh0gV8nAAAj
App 479512 output: Realtime client disconnected: cQmlbRIiBPHIM6_PAAAV
App 479512 output: Realtime client connected: 3eIFRVLbQeHkRdFkAAAl
App 479512 output: Realtime client disconnected: 3eIFRVLbQeHkRdFkAAAl
App 1686437 output: MySQL Connected: localhost/rnbmanag_demokopiniskala
App 1686437 output: POS Server is listening on port 8000
App 1686437 output: Realtime client connected: KRphy8f-px-RgLR9AAAC
App 1686437 output: Realtime client disconnected: KRphy8f-px-RgLR9AAAC
App 1686437 output: Realtime client connected: 4uau1vin342FlinRAAAE
App 1686437 output: Realtime client disconnected: 4uau1vin342FlinRAAAE
App 1686437 output: Realtime client connected: 6n6gYFuTcZjWpioMAAAG
App 1686437 output: Realtime client disconnected: 6n6gYFuTcZjWpioMAAAG
App 1686437 output: Realtime client connected: hOZ8bMiZ67CV-JhuAAAI
App 1686437 output: Realtime client disconnected: hOZ8bMiZ67CV-JhuAAAI
App 1686437 output: Realtime client connected: FRP6WzCJnjDXQBnNAAAK
App 1686437 output: Realtime client disconnected: FRP6WzCJnjDXQBnNAAAK
App 1686437 output: Realtime client connected: sbiTAWhNhe7r0JSVAAAM
App 1686437 output: Realtime client disconnected: sbiTAWhNhe7r0JSVAAAM
App 1686437 output: Realtime client connected: xTZPnkTqr4CQP_1gAAAO
App 1686437 output: Realtime client disconnected: xTZPnkTqr4CQP_1gAAAO
App 1686437 output: Realtime client connected: iMbaPLBfAzZQBB7nAAAQ
App 1686437 output: Realtime client disconnected: iMbaPLBfAzZQBB7nAAAQ
App 1686437 output: Realtime client connected: rcviWONWdPlFHw_XAAAS
App 1686437 output: Realtime client disconnected: rcviWONWdPlFHw_XAAAS
App 1686437 output: Realtime client connected: SiUogFw4pdPmuwzZAAAU
App 1686437 output: Realtime client disconnected: SiUogFw4pdPmuwzZAAAU
App 1686437 output: Realtime client connected: rDtEfosBCMxVhyQKAAAW
App 1686437 output: Realtime client disconnected: rDtEfosBCMxVhyQKAAAW
App 1686437 output: Realtime client connected: t8yYNXtXqZzvm4KkAAAY
App 1686437 output: Realtime client disconnected: t8yYNXtXqZzvm4KkAAAY
App 1686437 output: Realtime client connected: vHJjrl6FRShg_F1-AAAa
App 1686437 output: Realtime client disconnected: vHJjrl6FRShg_F1-AAAa
App 1686437 output: Realtime client connected: nJE7ZOaYVa4ePJqoAAAc
App 1686437 output: Realtime client disconnected: nJE7ZOaYVa4ePJqoAAAc
App 1686437 output: Realtime client connected: y-q-JLf6fbl-4xq3AAAe
App 1686437 output: Realtime client connected: CIujKfRM9ZtejVHHAAAg
App 1686437 output: Realtime client disconnected: y-q-JLf6fbl-4xq3AAAe
App 2131470 output: MySQL Connected: localhost/rnbmanag_demokopiniskala
App 2131470 output: POS Server is listening on port 8000
App 2131470 output: Realtime client connected: zNGOKxfMxAYTyx2EAAAB
App 2131470 output: Realtime client connected: 0QvjGnvVe4rdpz3pAAAD
App 2131470 output: Mon, 03 Aug 2026 05:56:33 GMT express deprecated res.clearCookie: Passing "options.maxAge" is deprecated. In v5.0.0 of Express, this option will be ignored, as res.clearCookie will automatically set cookies to expire immediately. Please update your code to omit this option. at controllers/userController.js:126:13
App 2131470 output: Realtime client disconnected: zNGOKxfMxAYTyx2EAAAB
App 2131470 output: Realtime client disconnected: 0QvjGnvVe4rdpz3pAAAD
App 2131470 output: Realtime client connected: CU8gGyrLrRn30rdfAAAF
App 2131470 output: Realtime client connected: e7D3c9bSlCIWUbJXAAAH
App 2131470 output: Realtime client disconnected: CU8gGyrLrRn30rdfAAAF
App 2131470 output: Realtime client connected: EvUEXvUCNa6RxrDsAAAJ
App 2131470 output: Realtime client disconnected: EvUEXvUCNa6RxrDsAAAJ
App 2131470 output: Realtime client connected: x97OIaMALn8GnsGfAAAL
App 2131470 output: Realtime client disconnected: x97OIaMALn8GnsGfAAAL
App 2131470 output: Realtime client connected: trxvIZiW5IttbrqkAAAN
App 2131470 output: Realtime client disconnected: trxvIZiW5IttbrqkAAAN
App 2131470 output: Realtime client disconnected: e7D3c9bSlCIWUbJXAAAH
App 2131470 output: Realtime client connected: bUW2QEKduB_SWVrxAAAP
App 2131470 output: Realtime client connected: 5uK_bXCslbEue1UgAAAR
App 2131470 output: Realtime client disconnected: 5uK_bXCslbEue1UgAAAR
App 2131470 output: Realtime client connected: Vx6r4zcgOl_EOvm4AAAT
App 2131470 output: Realtime client connected: gEhCz11JeoG_CW0KAAAV
App 2131470 output: Realtime client connected: 3q-usfzReSwAG6QSAAAX
App 2131470 output: Realtime client connected: FMe87GCWcpw113cNAAAZ
App 2131470 output: Realtime client connected: 4CuopLjTFn4SIpD0AAAd
App 2131470 output: Realtime client disconnected: 4CuopLjTFn4SIpD0AAAd
App 2131470 output: Realtime client connected: 5jZKGpsNHqqBVVQ6AAAf
App 2131470 output: Realtime client connected: 0rhpY9Edmtisaa6qAAAh
App 2131470 output: Realtime client connected: WVzQKKBTNDnAR9v6AAAk
App 2131470 output: Realtime client disconnected: gEhCz11JeoG_CW0KAAAV
App 2131470 output: Realtime client disconnected: 3q-usfzReSwAG6QSAAAX
App 2131470 output: Realtime client disconnected: FMe87GCWcpw113cNAAAZ
App 2131470 output: Realtime client disconnected: 5jZKGpsNHqqBVVQ6AAAf
App 2131470 output: Realtime client disconnected: bUW2QEKduB_SWVrxAAAP
App 2131470 output: Realtime client connected: 9okt6S0De-kGWG9RAAAm
App 2131470 output: Realtime client disconnected: 0rhpY9Edmtisaa6qAAAh
App 2131470 output: Realtime client disconnected: Vx6r4zcgOl_EOvm4AAAT
App 2131470 output: Realtime client disconnected: 9okt6S0De-kGWG9RAAAm
App 2131470 output: Realtime client connected: htAZfg2eSGl53k30AAAo
App 2131470 output: Realtime client disconnected: htAZfg2eSGl53k30AAAo
App 2297031 output: MySQL Connected: localhost/rnbmanag_demokopiniskala
App 2297031 output: POS Server is listening on port 8000
App 2297031 output: Realtime client connected: vLa3YbexTsGgCi7nAAAB
App 2297031 output: Realtime client disconnected: vLa3YbexTsGgCi7nAAAB
App 2297031 output: Realtime client connected: 5QZjq0YX-WJLA2NxAAAD
App 2297031 output: Realtime client connected: o_fEhtsAMQD981VTAAAF
App 2297031 output: Realtime client connected: h0cHo7pqQMeUxFIIAAAH
App 2297031 output: Realtime client disconnected: h0cHo7pqQMeUxFIIAAAH
App 2297031 output: Realtime client connected: a-eHSkuCBGdDP-sLAAAJ
App 2297031 output: Realtime client disconnected: 5QZjq0YX-WJLA2NxAAAD
App 2297031 output: Realtime client disconnected: o_fEhtsAMQD981VTAAAF
App 2297031 output: Realtime client connected: lplQOKe77j9rMRcDAAAL
App 2297031 output: Realtime client connected: DmbKpLydKXnBSRycAAAN
App 2297031 output: Realtime client connected: o4sLQhx16WKX90HAAAAP
App 2297031 output: Realtime client disconnected: lplQOKe77j9rMRcDAAAL
App 2297031 output: Realtime client disconnected: DmbKpLydKXnBSRycAAAN
App 2297031 output: Realtime client disconnected: o4sLQhx16WKX90HAAAAP
App 2297031 output: Realtime client connected: oCUDf9KJJjJa0AGZAAAR
App 2297031 output: Realtime client disconnected: oCUDf9KJJjJa0AGZAAAR
App 2297031 output: Realtime client disconnected: a-eHSkuCBGdDP-sLAAAJ
App 2297031 output: Realtime client connected: phV9ghkOHZFFCiEuAAAT
App 2297031 output: Realtime client connected: nCmi6PCBhoJp9gjFAAAV
App 2297031 output: Realtime client disconnected: nCmi6PCBhoJp9gjFAAAV
App 2456573 output: MySQL Connected: localhost/rnbmanag_demokopiniskala
App 2456573 output: POS Server is listening on port 8000
App 2456573 output: Realtime client connected: leYDXMLO1DxUVNUuAAAB
App 2456573 output: Realtime client disconnected: leYDXMLO1DxUVNUuAAAB
App 2456573 output: Realtime client connected: QPhfdB--i1Q9RK4KAAAD
App 2456573 output: Realtime client connected: ewKU4qjdMS2YkEvZAAAF
App 2456573 output: Realtime client connected: wfzOoq8bhE3CSdygAAAH
App 2456573 output: Realtime client disconnected: wfzOoq8bhE3CSdygAAAH
App 2456573 output: Realtime client disconnected: ewKU4qjdMS2YkEvZAAAF
App 2456573 output: Realtime client connected: gUI6IrloixthPw15AAAJ
App 2456573 output: Realtime client disconnected: QPhfdB--i1Q9RK4KAAAD
App 2456573 output: Realtime client connected: 7c8LVgsYxEgOFOh-AAAL
App 2456573 output: Realtime client disconnected: gUI6IrloixthPw15AAAJ
App 2456573 output: Realtime client connected: mlXNFa_OT2qwFWucAAAN
App 2456573 output: Realtime client connected: tiYeByU_CujlOXmZAAAP
App 2456573 output: Realtime client connected: ft5hovwm_bNUpf5PAAAT
App 2456573 output: Realtime client connected: HwdcA5pGXoY0EMu_AAAV
App 2456573 output: Realtime client disconnected: 7c8LVgsYxEgOFOh-AAAL
App 2456573 output: Realtime client connected: CY25QMaSostGNlCmAAAX
App 2456573 output: Realtime client disconnected: CY25QMaSostGNlCmAAAX
App 2456573 output: Realtime client disconnected: tiYeByU_CujlOXmZAAAP
App 2456573 output: Realtime client connected: 1OeJx5P-ZPu4v09YAAAZ
App 2456573 output: Realtime client disconnected: ft5hovwm_bNUpf5PAAAT
App 2456573 output: Realtime client disconnected: 1OeJx5P-ZPu4v09YAAAZ
App 2456573 output: Realtime client disconnected: mlXNFa_OT2qwFWucAAAN
App 2456573 output: Realtime client disconnected: HwdcA5pGXoY0EMu_AAAV
App 2456573 output: Realtime client connected: TJTmF-nGuLkSQPnnAAAb
App 2570181 output: MySQL Connected: localhost/rnbmanag_demokopiniskala
App 2570181 output: POS Server is listening on port 8000
App 2570181 output: Realtime client connected: xmFHeHH-jvRgnR1oAAAB
App 2570181 output: Realtime client connected: -wC62B33yWt7dDbAAAAD
App 2570181 output: Realtime client disconnected: -wC62B33yWt7dDbAAAAD
App 2570181 output: Realtime client connected: 57pG_2bvOohjyIpXAAAF
App 2570181 output: Realtime client disconnected: 57pG_2bvOohjyIpXAAAF
App 2570181 output: Realtime client connected: 2oEpmPastbrP1qDCAAAH
App 2570181 output: Realtime client disconnected: xmFHeHH-jvRgnR1oAAAB
App 2570181 output: Realtime client connected: Th4kLxwrswKJfI6LAAAJ
App 2570181 output: Realtime client disconnected: 2oEpmPastbrP1qDCAAAH
App 2570181 output: Realtime client connected: Ue0mk2ghbwcUTiMYAAAL
App 2570181 output: Realtime client connected: Al--6JreyGQyk6K6AAAN
App 2570181 output: Realtime client disconnected: Th4kLxwrswKJfI6LAAAJ
App 2570181 output: Realtime client connected: rD60WhytzrJDPWnpAAAP
App 2570181 output: Realtime client disconnected: Ue0mk2ghbwcUTiMYAAAL
App 2570181 output: Realtime client connected: HrDeJkE_pOEAEQHMAAAR
App 2570181 output: Realtime client connected: W_h_9VJynCCDJiniAAAT
App 2570181 output: Realtime client connected: 8zbaij0mtJ6GSecMAAAV
App 2570181 output: Realtime client connected: efs2Jubec6W2z1oSAAAY
App 2570181 output: Realtime client connected: E0hcT4n6vz7nu-d3AAAa
App 2570181 output: Realtime client disconnected: Al--6JreyGQyk6K6AAAN
App 2570181 output: Realtime client disconnected: W_h_9VJynCCDJiniAAAT
App 2570181 output: Realtime client disconnected: 8zbaij0mtJ6GSecMAAAV
App 2570181 output: Realtime client disconnected: HrDeJkE_pOEAEQHMAAAR
App 2570181 output: Realtime client connected: jp90F8QRHyh8XooFAAAc
App 2570181 output: Realtime client connected: MzDvptUSmuvKRfKHAAAe
App 2570181 output: Realtime client disconnected: E0hcT4n6vz7nu-d3AAAa
App 2570181 output: Realtime client disconnected: efs2Jubec6W2z1oSAAAY
App 2570181 output: Realtime client connected: 4Gvf9XJfzmU8VzZoAAAg
App 2570181 output: Realtime client disconnected: jp90F8QRHyh8XooFAAAc
App 2570181 output: Realtime client disconnected: MzDvptUSmuvKRfKHAAAe
App 2570181 output: Realtime client connected: lQ8xlejoq1m6s6BCAAAi
App 2570181 output: Realtime client disconnected: lQ8xlejoq1m6s6BCAAAi
App 2570181 output: Realtime client connected: npQYwTCfKuyWYJHRAAAk
App 2570181 output: Realtime client connected: EEDYOddJ_tsiL7AfAAAm
App 2570181 output: Realtime client connected: yFk0z2zxK9cPWNZMAAAo
App 2570181 output: Realtime client connected: yIBlkYf9NNw0FrEYAAAq
App 2570181 output: Realtime client connected: p8067E7CHUxmhrYVAAAs
App 2570181 output: Realtime client connected: O2mWvX8y0ZF80csNAAAu
App 2570181 output: Realtime client connected: 90UfS5X_hFp4zkziAAAw
App 2570181 output: Realtime client disconnected: 90UfS5X_hFp4zkziAAAw
App 2570181 output: Realtime client connected: EKyyEv9fSWMJb_UWAAAy
App 2570181 output: Realtime client disconnected: 4Gvf9XJfzmU8VzZoAAAg
App 2570181 output: Realtime client disconnected: rD60WhytzrJDPWnpAAAP
App 2570181 output: Realtime client disconnected: EEDYOddJ_tsiL7AfAAAm
App 2570181 output: Realtime client disconnected: yFk0z2zxK9cPWNZMAAAo
App 2570181 output: Realtime client disconnected: yIBlkYf9NNw0FrEYAAAq
App 2570181 output: Realtime client disconnected: p8067E7CHUxmhrYVAAAs
App 2570181 output: Realtime client disconnected: O2mWvX8y0ZF80csNAAAu
App 2570181 output: Realtime client disconnected: EKyyEv9fSWMJb_UWAAAy
App 2570181 output: Realtime client connected: PZr42wWc1G7gFp_wAAA0
App 2570181 output: Realtime client connected: 7YPMsnLgs94KHIsYAAA2
App 2570181 output: Realtime client disconnected: 7YPMsnLgs94KHIsYAAA2
App 2570181 output: Realtime client connected: sGZo1mls737S0dL5AAA4
App 2570181 output: Realtime client disconnected: PZr42wWc1G7gFp_wAAA0
App 2570181 output: Realtime client disconnected: sGZo1mls737S0dL5AAA4
App 2721050 output: MySQL Connected: localhost/rnbmanag_demokopiniskala
App 2721050 output: POS Server is listening on port 8000
App 2721050 output: Realtime client connected: TA-ckjD5AkS2gdD5AAAB
App 2721050 output: Realtime client connected: zk2gJcNuv3CBYTRtAAAD
App 2721050 output: Realtime client connected: kdXdxpjBmii8vtxXAAAF
App 2721050 output: Realtime client disconnected: kdXdxpjBmii8vtxXAAAF
App 2721050 output: Realtime client connected: cVI8M2OAIkx2YhE1AAAH
App 2721050 output: Realtime client disconnected: TA-ckjD5AkS2gdD5AAAB
App 2721050 output: Realtime client connected: WEZRltcEdK80XJZkAAAJ
App 2721050 output: Realtime client disconnected: zk2gJcNuv3CBYTRtAAAD
App 2721050 output: Realtime client disconnected: cVI8M2OAIkx2YhE1AAAH
App 2721050 output: Realtime client connected: G2vlrOlaDD2Ub48hAAAL
App 2721050 output: Realtime client disconnected: G2vlrOlaDD2Ub48hAAAL
App 2721050 output: Realtime client connected: SgHjseSBNYEzepr3AAAN
App 2721050 output: Realtime client connected: FrWy1cCPyLterVl_AAAP
App 2721050 output: Realtime client disconnected: FrWy1cCPyLterVl_AAAP
App 2721050 output: Realtime client connected: FhvLvOUx00kihjqYAAAR
App 2721050 output: Realtime client disconnected: WEZRltcEdK80XJZkAAAJ
App 2721050 output: Realtime client connected: 2PIAIOoO-dhueIsnAAAT
App 2721050 output: Realtime client connected: BaZ5zldO-TQdns35AAAV
App 2721050 output: Realtime client disconnected: SgHjseSBNYEzepr3AAAN
App 2721050 output: Realtime client disconnected: FhvLvOUx00kihjqYAAAR
App 2721050 output: Realtime client connected: YzjjzwXp6FErzjqdAAAX
App 2721050 output: Mon, 03 Aug 2026 07:30:30 GMT express deprecated res.clearCookie: Passing "options.maxAge" is deprecated. In v5.0.0 of Express, this option will be ignored, as res.clearCookie will automatically set cookies to expire immediately. Please update your code to omit this option. at controllers/userController.js:126:13
App 2862544 output: MySQL Connected: localhost/rnbmanag_demokopiniskala
App 2862544 output: POS Server is listening on port 8000
App 2862544 output: Realtime client connected: 2NhZdH0LaVyxPKRQAAAB
App 2862544 output: Realtime client connected: QeUEELxRv63wQZWDAAAD
App 2862544 output: Realtime client disconnected: 2NhZdH0LaVyxPKRQAAAB
App 2862544 output: Realtime client connected: Qke-8e3aOCrcTwO7AAAF
App 2862544 output: Realtime client connected: DUqPi7RUJ_3UuacxAAAH
App 2862544 output: Realtime client disconnected: Qke-8e3aOCrcTwO7AAAF
App 2862544 output: Realtime client connected: 4Ou0slDx7HV6mijaAAAJ
App 2862544 output: Realtime client disconnected: QeUEELxRv63wQZWDAAAD
App 2862544 output: Realtime client disconnected: DUqPi7RUJ_3UuacxAAAH
App 2862544 output: Realtime client connected: D23mmm-q_PBupYFfAAAL
App 2862544 output: Realtime client connected: F2wRfwgBbiZ5RjcpAAAN
App 2862544 output: Realtime client connected: cX1jeQhbmhJSjkzlAAAP
App 2862544 output: Realtime client connected: sKal2ZJ9b-HYvS2tAAAR
App 2862544 output: Realtime client disconnected: 4Ou0slDx7HV6mijaAAAJ
App 2862544 output: Realtime client disconnected: cX1jeQhbmhJSjkzlAAAP
App 2862544 output: Realtime client disconnected: sKal2ZJ9b-HYvS2tAAAR
App 2926026 output: MySQL Connected: localhost/rnbmanag_demokopiniskala
App 2926026 output: POS Server is listening on port 8000
App 2926026 output: Realtime client connected: ftBNEuAg8ZMgTs1pAAAB
App 2926026 output: Realtime client connected: uZpZRpHxKorjxi7rAAAD
App 2926026 output: Realtime client disconnected: ftBNEuAg8ZMgTs1pAAAB
App 2926026 output: Realtime client connected: OY6nmqipaPqyEJEvAAAF
App 2926026 output: Realtime client connected: ZsQX3OZVz_lmxjaGAAAH
App 2926026 output: Realtime client connected: maBOM9Jzpw5jR_LnAAAJ
App 2926026 output: Realtime client connected: XEHwsVAiOlD2AIwAAAAL
App 2926026 output: Realtime client disconnected: XEHwsVAiOlD2AIwAAAAL
App 2926026 output: Realtime client connected: -XoTwB9LReTz8mVdAAAN
App 2926026 output: Realtime client disconnected: ZsQX3OZVz_lmxjaGAAAH
App 2926026 output: Realtime client disconnected: maBOM9Jzpw5jR_LnAAAJ
App 2926026 output: Realtime client connected: ElV12XuhN92kQsSwAAAP
App 2926026 output: Realtime client disconnected: -XoTwB9LReTz8mVdAAAN
App 2926026 output: Realtime client connected: R6G1TvRkQZE0_SlbAAAR
App 2926026 output: Realtime client disconnected: uZpZRpHxKorjxi7rAAAD
App 2926026 output: Realtime client connected: f9jdKBjhx0VnARQgAAAT
App 2926026 output: Realtime client disconnected: ElV12XuhN92kQsSwAAAP
App 2926026 output: Realtime client disconnected: R6G1TvRkQZE0_SlbAAAR
App 2926026 output: Realtime client disconnected: OY6nmqipaPqyEJEvAAAF
App 3044934 output: MySQL Connected: localhost/rnbmanag_demokopiniskala
App 3044934 output: POS Server is listening on port 8000
App 3044934 output: Realtime client connected: -iObS00SXgsg7zgoAAAB
App 3044934 output: Realtime client disconnected: -iObS00SXgsg7zgoAAAB
App 3044934 output: Realtime client connected: i1AferYHHloKSRUUAAAD
App 3044934 output: Realtime client connected: J6B-kdz8GCx311iQAAAF
App 3044934 output: Realtime client disconnected: J6B-kdz8GCx311iQAAAF
App 3044934 output: Realtime client connected: W1PzskJ63HX66dcBAAAH
App 3044934 output: Realtime client disconnected: W1PzskJ63HX66dcBAAAH
App 3044934 output: Realtime client connected: 75GHM8LpyQJyMycSAAAJ
App 3044934 output: Realtime client disconnected: 75GHM8LpyQJyMycSAAAJ
App 3044934 output: Realtime client disconnected: i1AferYHHloKSRUUAAAD
App 3044934 output: Realtime client connected: nJww0zQG_wfU5v0GAAAL
App 3183172 output: MySQL Connected: localhost/rnbmanag_demokopiniskala
App 3183172 output: POS Server is listening on port 8000
App 3183172 output: Realtime client connected: k_zKN1giZmxFoIurAAAB
App 3183172 output: Realtime client disconnected: k_zKN1giZmxFoIurAAAB
App 3183172 output: Realtime client connected: ieadiHYIbhbZGsQ9AAAD
App 3183172 output: Realtime client connected: N8wk48Gld4dP6h4oAAAF
App 3183172 output: Realtime client disconnected: N8wk48Gld4dP6h4oAAAF
App 3183172 output: Realtime client connected: gL-zoUhZk3sGbEOVAAAH
App 3183172 output: Realtime client disconnected: gL-zoUhZk3sGbEOVAAAH
App 3183172 output: Realtime client connected: Wek6FizsbYj0FdMlAAAJ
App 3183172 output: Realtime client disconnected: Wek6FizsbYj0FdMlAAAJ
App 3183172 output: Realtime client connected: qbMI6BPXSGCicSK8AAAL
App 3183172 output: Realtime client disconnected: ieadiHYIbhbZGsQ9AAAD
App 3183172 output: Realtime client connected: wWutDNG-EUvv6bAKAAAN
App 3321447 output: MySQL Connected: localhost/rnbmanag_demokopiniskala
App 3321447 output: POS Server is listening on port 8000
App 3321447 output: Realtime client connected: c7IjPxzRMflRewP6AAAB
App 3321447 output: Realtime client connected: YUEzHjzm1wyW69mGAAAD
App 3321447 output: Realtime client disconnected: c7IjPxzRMflRewP6AAAB
App 3321447 output: Realtime client connected: 5IUozOv6BY0A8LfSAAAF
App 3321447 output: Realtime client disconnected: YUEzHjzm1wyW69mGAAAD
App 3321447 output: Realtime client connected: f0ErK4iFUUtXXFj-AAAH
App 3321447 output: Realtime client disconnected: 5IUozOv6BY0A8LfSAAAF
App 3321447 output: Realtime client disconnected: f0ErK4iFUUtXXFj-AAAH
App 3321447 output: Realtime client connected: 3w9lZ0GBVhJHmYHSAAAJ
App 3553026 output: MySQL Connected: localhost/rnbmanag_demokopiniskala
App 3553026 output: POS Server is listening on port 8000
App 3553026 output: Realtime client connected: S4d41tBM88BqfKKrAAAB
App 3553026 output: Realtime client disconnected: S4d41tBM88BqfKKrAAAB
App 3553026 output: Realtime client connected: _Zj8MA-nGrbzCbVlAAAD
App 3694624 output: MySQL Connected: localhost/rnbmanag_demokopiniskala
App 3694624 output: POS Server is listening on port 8000
App 3694624 output: Realtime client connected: OALlBJS6OLA0Iwo4AAAB
App 3694624 output: Realtime client disconnected: OALlBJS6OLA0Iwo4AAAB
App 3694624 output: Realtime client connected: RAypN2I6LAn6kBwXAAAD
App 3694624 output: Realtime client disconnected: RAypN2I6LAn6kBwXAAAD
App 3694624 output: Realtime client connected: pxcChQvb6r6MHkr6AAAF
App 3805807 output: MySQL Connected: localhost/rnbmanag_demokopiniskala
App 3805807 output: POS Server is listening on port 8000
App 3805807 output: Realtime client connected: dNgwLzIyZsfZutTtAAAB
App 3805807 output: Realtime client disconnected: dNgwLzIyZsfZutTtAAAB
App 3805807 output: Realtime client connected: vuTaa30isVVPxve0AAAD
App 3805807 output: Realtime client connected: GTg1cGi1ACKOwlhOAAAF
App 3805807 output: Realtime client connected: U2V2Ib-o02aRtFrgAAAH
App 3805807 output: Realtime client disconnected: U2V2Ib-o02aRtFrgAAAH
App 3805807 output: Realtime client connected: dhP3RfyY3ACC3zmoAAAJ
App 3805807 output: Realtime client disconnected: GTg1cGi1ACKOwlhOAAAF
App 3805807 output: Realtime client disconnected: dhP3RfyY3ACC3zmoAAAJ
App 3805807 output: Realtime client connected: HeDUUdSulM78kPPiAAAL
App 3805807 output: Realtime client disconnected: vuTaa30isVVPxve0AAAD
App 3805807 output: Realtime client connected: 9UKGyXG_Kp5cPBHlAAAN
App 3805807 output: Realtime client disconnected: HeDUUdSulM78kPPiAAAL
App 3805807 output: Realtime client connected: r2bsrJUgMPY7QkGgAAAP
App 3805807 output: Realtime client disconnected: r2bsrJUgMPY7QkGgAAAP
App 3805807 output: Realtime client connected: Jahz7_foaoWK2-JNAAAR
App 3805807 output: Realtime client disconnected: Jahz7_foaoWK2-JNAAAR
App 3805807 output: Realtime client connected: SVeZ5XUVA3YzRtFgAAAT
App 3805807 output: Realtime client disconnected: SVeZ5XUVA3YzRtFgAAAT
App 3805807 output: Realtime client disconnected: 9UKGyXG_Kp5cPBHlAAAN
App 3805807 output: Realtime client connected: fhVpUnjdb8H7rxVWAAAV
App 3805807 output: Realtime client disconnected: fhVpUnjdb8H7rxVWAAAV
App 3805807 output: Realtime client connected: 8rcIiXqinbQE0qaIAAAX
App 3805807 output: Realtime client disconnected: 8rcIiXqinbQE0qaIAAAX
App 960336 output: MySQL Connected: localhost/rnbmanag_demokopiniskala
App 960336 output: POS Server is listening on port 8000
App 960336 output: Realtime client connected: X8gLTB2WnRIClljzAAAC
App 960336 output: Realtime client connected: azCf9ngIm0EtWROmAAAE
App 960336 output: Realtime client disconnected: azCf9ngIm0EtWROmAAAE
App 960336 output: Realtime client disconnected: X8gLTB2WnRIClljzAAAC
App 3131450 output: MySQL Connected: localhost/rnbmanag_demokopiniskala
App 3131450 output: POS Server is listening on port 8000
App 3131450 output: Realtime client connected: gkWZQrTErm-V9bOjAAAB
App 3131450 output: Realtime client disconnected: gkWZQrTErm-V9bOjAAAB
App 3131450 output: Realtime client connected: CjYrMngdzZxWy5kZAAAD
App 3131450 output: Realtime client disconnected: CjYrMngdzZxWy5kZAAAD
App 291929 output: MySQL Connected: localhost/rnbmanag_demokopiniskala
App 291929 output: POS Server is listening on port 8000
App 485077 output: MySQL Connected: localhost/rnbmanag_demokopiniskala
App 485077 output: POS Server is listening on port 8000
App 485077 output: Realtime client connected: AmoPzJ9kj8KXKyJTAAAB
App 485077 output: Realtime client connected: LsiVVDcLRi49mRyiAAAD
App 485077 output: Realtime client disconnected: AmoPzJ9kj8KXKyJTAAAB
App 485077 output: Realtime client connected: x86P_Rl8uT4158STAAAF
App 485077 output: Realtime client disconnected: LsiVVDcLRi49mRyiAAAD
App 485077 output: Realtime client disconnected: x86P_Rl8uT4158STAAAF
App 646598 output: MySQL Connected: localhost/rnbmanag_demokopiniskala
App 646598 output: POS Server is listening on port 8000
App 646598 output: Realtime client connected: Pltm3vvxyUSP3izbAAAC
App 661363 output: MySQL Connected: localhost/rnbmanag_demokopiniskala
App 661363 output: POS Server is listening on port 8000
App 661363 output: Realtime client connected: 7aXHhpxQMYEZD-iJAAAB
App 661363 output: Realtime client disconnected: 7aXHhpxQMYEZD-iJAAAB
App 661363 output: Realtime client connected: GIrEP-NbK4RPVR9xAAAD
App 661363 output: Realtime client disconnected: GIrEP-NbK4RPVR9xAAAD
App 661363 output: Realtime client connected: vChRFJjqh4V--zAgAAAF
App 661363 output: Realtime client disconnected: vChRFJjqh4V--zAgAAAF
App 870427 output: MySQL Connected: localhost/rnbmanag_demokopiniskala
App 870427 output: POS Server is listening on port 8000
App 870427 output: Realtime client connected: 55RgBxd4mqkPAo33AAAB
App 870427 output: Realtime client disconnected: 55RgBxd4mqkPAo33AAAB
App 870427 output: Realtime client connected: rlBgWi8i5Ua1D_tNAAAD
App 870427 output: Realtime client disconnected: rlBgWi8i5Ua1D_tNAAAD
App 870427 output: Realtime client connected: znjdmLH3TZnt02iVAAAF
App 983768 output: MySQL Connected: localhost/rnbmanag_demokopiniskala
App 983768 output: POS Server is listening on port 8000
App 983768 output: Realtime client connected: rfmcZVO9vaeMagHDAAAB
App 983768 output: Realtime client disconnected: rfmcZVO9vaeMagHDAAAB
App 1165359 output: MySQL Connected: localhost/rnbmanag_demokopiniskala
App 1165359 output: POS Server is listening on port 8000
App 1165359 output: Realtime client connected: 45jg9QXnq5_llruwAAAB
App 1165359 output: Realtime client disconnected: 45jg9QXnq5_llruwAAAB
App 1165359 output: Realtime client connected: T-_8Gc0q9_vU67N_AAAD
App 1179710 output: MySQL Connected: localhost/rnbmanag_demokopiniskala
App 1179710 output: POS Server is listening on port 8000
App 1179710 output: Realtime client connected: w9BRtjn-b6yh68rzAAAB
App 1179710 output: Realtime client disconnected: w9BRtjn-b6yh68rzAAAB
App 1179710 output: Realtime client connected: TVZUgUc4ZUBjX_TFAAAD
App 1179710 output: Realtime client disconnected: TVZUgUc4ZUBjX_TFAAAD
App 1179710 output: Realtime client connected: VSC7TS6YQzhEMJtCAAAF
App 1179710 output: Realtime client connected: iAT9U_3n3v5yMX-qAAAH
App 1179710 output: Realtime client disconnected: VSC7TS6YQzhEMJtCAAAF
App 1179710 output: Realtime client disconnected: iAT9U_3n3v5yMX-qAAAH
App 1179710 output: Realtime client connected: 6J-X9aFBOk6Efkk2AAAJ
App 1333679 output: MySQL Connected: localhost/rnbmanag_demokopiniskala
App 1333679 output: POS Server is listening on port 8000
App 1333679 output: Realtime client connected: XpVTWW_tXGGRJ5vMAAAB
App 1333679 output: Realtime client connected: buKyyA1QR7WCIM-nAAAD
App 1333679 output: Realtime client connected: JE-kaMiBMNCmcxnlAAAF
App 1333679 output: Realtime client connected: PWLISSvNBKdUXpQ7AAAH
App 1333679 output: Realtime client disconnected: XpVTWW_tXGGRJ5vMAAAB
App 1333679 output: Realtime client connected: r-yGz-9imm6QoRB8AAAJ
App 1333679 output: Realtime client disconnected: r-yGz-9imm6QoRB8AAAJ
App 1333679 output: Realtime client connected: e-6ynt5ucK5GhJ4aAAAL
App 1333679 output: Realtime client disconnected: buKyyA1QR7WCIM-nAAAD
App 1333679 output: Realtime client disconnected: JE-kaMiBMNCmcxnlAAAF
App 1333679 output: Realtime client disconnected: PWLISSvNBKdUXpQ7AAAH
App 1333679 output: Realtime client connected: yn8Cx7hs4yp8XwdBAAAN
App 1333679 output: Realtime client disconnected: yn8Cx7hs4yp8XwdBAAAN
App 1333679 output: Realtime client connected: GgUOcR2EtZKFg4woAAAP
App 1404908 output: MySQL Connected: localhost/rnbmanag_demokopiniskala
App 1404908 output: POS Server is listening on port 8000
App 1404908 output: Realtime client connected: P0O9iw1TKr-LBEokAAAB
App 1404908 output: Realtime client disconnected: P0O9iw1TKr-LBEokAAAB
App 1404908 output: Realtime client connected: ZadGBEEfhhHi905KAAAD
App 1404908 output: Realtime client connected: DXaxHtrhQFjTirmxAAAF
App 1404908 output: Realtime client disconnected: DXaxHtrhQFjTirmxAAAF
App 1404908 output: Realtime client connected: KEssVKJK9rGm2zyuAAAH
App 1404908 output: Realtime client disconnected: KEssVKJK9rGm2zyuAAAH
App 1404908 output: Realtime client connected: rz7nlIOo7ojfnbNxAAAJ
App 1404908 output: Realtime client disconnected: ZadGBEEfhhHi905KAAAD
App 1404908 output: Realtime client connected: yfk1CR5cYSqBKzHDAAAL
App 1404908 output: Realtime client disconnected: rz7nlIOo7ojfnbNxAAAJ
App 1551791 output: MySQL Connected: localhost/rnbmanag_demokopiniskala
App 1551791 output: POS Server is listening on port 8000
App 1551791 output: Realtime client connected: LVr9s9VWw2WLboDnAAAB
App 1551791 output: Realtime client disconnected: LVr9s9VWw2WLboDnAAAB
App 1551791 output: Realtime client connected: kUc_NzGWHiNx2q3mAAAD
App 1551791 output: Realtime client connected: 10g50QvM01Rh-qBOAAAF
App 1551791 output: Realtime client disconnected: kUc_NzGWHiNx2q3mAAAD
App 1551791 output: Realtime client disconnected: 10g50QvM01Rh-qBOAAAF
App 1551791 output: Realtime client connected: 50wfw1RS91171UFlAAAH
App 1551791 output: Realtime client connected: 2BgAyvziw6qJPVtvAAAJ
App 1551791 output: Realtime client disconnected: 50wfw1RS91171UFlAAAH
App 1551791 output: Realtime client connected: 3rTdojEv0qXFSJNIAAAL
App 1551791 output: Realtime client disconnected: 2BgAyvziw6qJPVtvAAAJ
App 1787616 output: MySQL Connected: localhost/rnbmanag_demokopiniskala
App 1787616 output: POS Server is listening on port 8000
App 1787616 output: Realtime client connected: kQRthcPuHofEI68MAAAB
App 1787616 output: Realtime client disconnected: kQRthcPuHofEI68MAAAB
App 1790567 output: MySQL Connected: localhost/rnbmanag_demokopiniskala
App 1790567 output: POS Server is listening on port 8000
App 1790567 output: Realtime client connected: sG5IvXK0VcSMQNQKAAAB
App 1801053 output: MySQL Connected: localhost/rnbmanag_demokopiniskala
App 1801053 output: POS Server is listening on port 8000
App 1801053 output: Realtime client connected: 3oggSEL1EUsnq5q_AAAB
App 1801053 output: Realtime client disconnected: 3oggSEL1EUsnq5q_AAAB
App 1801053 output: Realtime client connected: tBCtSSaNEb2R41bsAAAD
App 1880533 output: MySQL Connected: localhost/rnbmanag_demokopiniskala
App 1880533 output: POS Server is listening on port 8000
App 1880533 output: Realtime client connected: 34cQtdH06asRFJQBAAAB
App 1922221 output: MySQL Connected: localhost/rnbmanag_demokopiniskala
App 1922221 output: POS Server is listening on port 8000
App 1922221 output: Realtime client connected: Xoe7jU77OZUWuK80AAAB
App 1927701 output: MySQL Connected: localhost/rnbmanag_demokopiniskala
App 1927701 output: POS Server is listening on port 8000
App 1927701 output: Realtime client connected: QiYKuWFh_Xkam_znAAAB
App 1927701 output: Realtime client disconnected: QiYKuWFh_Xkam_znAAAB
App 1927701 output: Realtime client connected: 6n-Q_oEYNyIybE9yAAAD
App 1969952 output: MySQL Connected: localhost/rnbmanag_demokopiniskala
App 1969952 output: POS Server is listening on port 8000
App 1969952 output: Realtime client connected: 70SA0LHo6pSCBYM-AAAB
App 1969952 output: Realtime client disconnected: 70SA0LHo6pSCBYM-AAAB
App 1969952 output: Realtime client connected: GcURI0jxrdHbI0a7AAAD
App 1969952 output: Realtime client connected: hKNcsZztJavHEOraAAAF
App 1969952 output: Realtime client disconnected: hKNcsZztJavHEOraAAAF
App 1969952 output: Realtime client connected: O-9DIe2YghAhGcOiAAAH
App 1969952 output: Realtime client disconnected: GcURI0jxrdHbI0a7AAAD
App 1969952 output: Realtime client connected: BkWtuT93t3vToOLMAAAJ
App 1969952 output: Realtime client disconnected: O-9DIe2YghAhGcOiAAAH
App 1969952 output: Realtime client connected: cJG_iFOA0WIGeMrCAAAL
App 1969952 output: Realtime client disconnected: cJG_iFOA0WIGeMrCAAAL
App 2235276 output: MySQL Connected: localhost/rnbmanag_demokopiniskala
App 2235276 output: POS Server is listening on port 8000
App 2235276 output: Realtime client connected: CMifYLpOZWtc8vGuAAAB
App 2235276 output: Realtime client disconnected: CMifYLpOZWtc8vGuAAAB
App 2235276 output: Realtime client connected: fX7y1Rk86O7Q9ixtAAAD
App 2235276 output: Realtime client connected: d2XvxaQkEB363NR9AAAF
App 2235276 output: Realtime client disconnected: d2XvxaQkEB363NR9AAAF
App 2235276 output: Realtime client connected: Yd2ge6VezhQsJNTeAAAH
App 2235276 output: Realtime client disconnected: Yd2ge6VezhQsJNTeAAAH
App 2235276 output: Realtime client connected: gNteUBpfRmrC3IsjAAAJ
App 2235276 output: Realtime client disconnected: fX7y1Rk86O7Q9ixtAAAD
App 2235276 output: Realtime client connected: mnqiQQyRMwm3uCfzAAAL
App 2235276 output: Realtime client disconnected: gNteUBpfRmrC3IsjAAAJ
App 2235276 output: Realtime client connected: WTiMncPDHeu6IPKjAAAN
App 2407277 output: MySQL Connected: localhost/rnbmanag_demokopiniskala
App 2407277 output: POS Server is listening on port 8000
App 2407277 output: Realtime client connected: E9qfbvfWQBpS_7cGAAAB
App 2407277 output: Realtime client disconnected: E9qfbvfWQBpS_7cGAAAB
App 2407277 output: Realtime client connected: gjbmxVPGY08sBpHgAAAD
App 2407277 output: Realtime client connected: moXuPHyRiErO3KwPAAAF
App 2407277 output: Realtime client disconnected: moXuPHyRiErO3KwPAAAF
App 2407277 output: Realtime client connected: 9Kep6ojOHaSZ1OimAAAH
App 2407277 output: Realtime client disconnected: 9Kep6ojOHaSZ1OimAAAH
App 2407277 output: Realtime client connected: BOklKLrA9J_Zs4vFAAAJ
App 2407277 output: Realtime client disconnected: BOklKLrA9J_Zs4vFAAAJ
App 2407277 output: Realtime client connected: 6z-cuIZ4_8PhZjB7AAAL
App 2407277 output: Realtime client disconnected: 6z-cuIZ4_8PhZjB7AAAL
App 2407277 output: Realtime client connected: -yoh8-4IBsxJvbaHAAAN
App 2407277 output: Realtime client disconnected: -yoh8-4IBsxJvbaHAAAN
App 2407277 output: Realtime client disconnected: gjbmxVPGY08sBpHgAAAD
App 2407277 output: Realtime client connected: 9UdEboZOvoDx_pwQAAAP
App 2636150 output: MySQL Connected: localhost/rnbmanag_demokopiniskala
App 2636150 output: POS Server is listening on port 8000
App 2636150 output: Realtime client connected: bRFJPl7sbwQCqfMBAAAB
App 2636150 output: Realtime client disconnected: bRFJPl7sbwQCqfMBAAAB
App 2636150 output: Realtime client connected: snXzTwZ3Cz40x0_xAAAD
App 2636150 output: Realtime client connected: R74W0sHxKmXx0xvSAAAF
App 2636150 output: Realtime client disconnected: R74W0sHxKmXx0xvSAAAF
App 2636150 output: Realtime client connected: MOxIlDnw44irhvI5AAAH
App 2636150 output: Realtime client disconnected: snXzTwZ3Cz40x0_xAAAD
App 2636150 output: Realtime client connected: CaTwep7xNRLGvM96AAAJ
App 2636150 output: Realtime client connected: bAtXZn2tVRropRW3AAAL
App 2636150 output: Realtime client disconnected: MOxIlDnw44irhvI5AAAH
App 2636150 output: Realtime client disconnected: bAtXZn2tVRropRW3AAAL
App 2636150 output: Realtime client connected: BLzTKG8jPnpo5t-uAAAN
App 2636150 output: Realtime client connected: 7Ut-XBRXxkmB0H9IAAAP
App 2636150 output: Realtime client disconnected: BLzTKG8jPnpo5t-uAAAN
App 2636150 output: Realtime client disconnected: CaTwep7xNRLGvM96AAAJ
App 2636150 output: Realtime client disconnected: 7Ut-XBRXxkmB0H9IAAAP
App 2636150 output: Realtime client connected: vH6JB2SeX_j1dRrGAAAR
App 2636150 output: Realtime client disconnected: vH6JB2SeX_j1dRrGAAAR
App 2636150 output: Realtime client connected: 4QQ30RKULJBjsZwgAAAT
App 2636150 output: Realtime client disconnected: 4QQ30RKULJBjsZwgAAAT
App 2636150 output: Realtime client connected: NyxZmeIMCBJ9X3D3AAAV
App 2636150 output: Realtime client disconnected: NyxZmeIMCBJ9X3D3AAAV
App 2636150 output: Realtime client connected: wyicb-slJjtoFaxiAAAX
App 2969351 output: MySQL Connected: localhost/rnbmanag_demokopiniskala
App 2969351 output: POS Server is listening on port 8000
App 2969351 output: Realtime client connected: 6JRADOa5-OFBy11mAAAB
App 2969351 output: Realtime client disconnected: 6JRADOa5-OFBy11mAAAB
App 2969351 output: Realtime client connected: pZKfLjMboKWeZ24iAAAD
App 2969351 output: Realtime client disconnected: pZKfLjMboKWeZ24iAAAD
App 2969351 output: Realtime client connected: YHV6Vo37lNWhayh8AAAF
App 2969351 output: Realtime client disconnected: YHV6Vo37lNWhayh8AAAF
App 2969351 output: Realtime client connected: 4QWX5kT7c1TM-kFXAAAH
App 3134641 output: MySQL Connected: localhost/rnbmanag_demokopiniskala
App 3134641 output: POS Server is listening on port 8000
App 3134641 output: Realtime client connected: x0iRJoYvDc4UN9ODAAAB
App 3141958 output: MySQL Connected: localhost/rnbmanag_demokopiniskala
App 3141958 output: POS Server is listening on port 8000
App 3141958 output: Realtime client connected: 8Akgc8LdokVg6HVJAAAB
App 3141958 output: Realtime client disconnected: 8Akgc8LdokVg6HVJAAAB
App 3141958 output: Realtime client connected: Ni6zfN6IyvN2iEemAAAD
App 3186298 output: MySQL Connected: localhost/rnbmanag_demokopiniskala
App 3186298 output: POS Server is listening on port 8000
App 3186298 output: Realtime client connected: XuE7yvoLepIieEGZAAAB
App 3186298 output: Realtime client disconnected: XuE7yvoLepIieEGZAAAB
App 3186298 output: Realtime client connected: p_vTA4-o0BG-_iMCAAAD
App 3186298 output: Realtime client connected: xjrqVj_JBqocQ7BzAAAF
App 3186298 output: Realtime client disconnected: xjrqVj_JBqocQ7BzAAAF
App 3276076 output: MySQL Connected: localhost/rnbmanag_demokopiniskala
App 3276076 output: POS Server is listening on port 8000
App 3276076 output: Realtime client connected: uN_L6_XoMbstBPd8AAAB
App 3276076 output: Realtime client disconnected: uN_L6_XoMbstBPd8AAAB
App 3276076 output: Realtime client connected: MAmRjQpa8KVWYpQnAAAD
App 3276076 output: Realtime client disconnected: MAmRjQpa8KVWYpQnAAAD
App 3276076 output: Realtime client connected: eA9PY_MFEToU0jU8AAAF
App 3418268 output: MySQL Connected: localhost/rnbmanag_demokopiniskala
App 3418268 output: POS Server is listening on port 8000
App 3418268 output: Realtime client connected: x_W6asaNHJIXZappAAAB
App 3418268 output: Realtime client disconnected: x_W6asaNHJIXZappAAAB
App 3418268 output: Realtime client connected: 3-2W8zHMjCfde8GIAAAD
App 3418268 output: Realtime client disconnected: 3-2W8zHMjCfde8GIAAAD
App 69590 output: MySQL Connected: localhost/rnbmanag_demokopiniskala
App 69590 output: POS Server is listening on port 8000
App 69590 output: Realtime client connected: rRzdvULnWyw5fzuBAAAB
App 69590 output: Realtime client disconnected: rRzdvULnWyw5fzuBAAAB
App 69590 output: Realtime client connected: 5rAgiwMcP8TKS_AoAAAD
App 69590 output: Realtime client disconnected: 5rAgiwMcP8TKS_AoAAAD
App 124388 output: MySQL Connected: localhost/rnbmanag_demokopiniskala
App 124388 output: POS Server is listening on port 8000
App 124388 output: Realtime client connected: GOYXvuA_K59YQrULAAAB
App 124388 output: Realtime client disconnected: GOYXvuA_K59YQrULAAAB
App 124388 output: Realtime client connected: nd_ok27EoM07jNwfAAAD
App 124388 output: Realtime client connected: zFwF4uCZOYbIhPtrAAAF
App 124388 output: Realtime client disconnected: nd_ok27EoM07jNwfAAAD
App 124388 output: Realtime client disconnected: zFwF4uCZOYbIhPtrAAAF
App 124388 output: Realtime client connected: tUXxd0qO8g_kQbzvAAAH
App 124388 output: Realtime client disconnected: tUXxd0qO8g_kQbzvAAAH
App 124388 output: Realtime client connected: bNZi3xbmWh4YBmpCAAAJ
App 124388 output: Realtime client disconnected: bNZi3xbmWh4YBmpCAAAJ
App 163367 output: MySQL Connected: localhost/rnbmanag_demokopiniskala
App 163367 output: POS Server is listening on port 8000
App 163367 output: Realtime client connected: gmCvx2n1pYHvrtQDAAAB
App 163367 output: Realtime client disconnected: gmCvx2n1pYHvrtQDAAAB
App 163367 output: Realtime client connected: 057fnRUMqb4QVCOQAAAD
App 163367 output: Realtime client disconnected: 057fnRUMqb4QVCOQAAAD
